id,customer_id,order_date,total
100006,13375,2014/09/07,1133.91
100013,21910,2017/11/06,57.8
100041,10975,2016/11/20,1125.45
100048,19765,2017/05/19,2516.82
100153,16630,2016/12/13,425.84
100160,12025,2017/09/07,109.65
100202,11620,2016/12/31,1194.39
100209,20995,2017/07/09,6.96
100216,14875,2015/04/13,349.41
100223,16945,2017/07/05,223.75
100244,14695,2016/09/20,941.66
100279,20275,2014/03/10,58.18
100314,10630,2017/09/29,1139.57
100328,15340,2014/01/28,6.38
100335,18595,2017/09/07,451.71
100363,15655,2014/04/08,72.13
100377,21370,2015/08/28,9449.85
100384,18610,2017/06/24,2394.86
100405,21430,2016/08/26,24.78
100419,12670,2016/12/16,14.37
100426,12850,2017/06/04,56.16
100454,11650,2015/11/20,977.81
100468,10435,2016/11/24,136
100482,15130,2017/04/11,63.48
100524,12115,2017/03/31,1913.13
100531,18520,2015/09/27,168.88
100573,10705,2015/09/25,65.02
100601,15370,2017/11/16,249.13
100650,13225,2017/06/29,3282.64
100685,20950,2015/12/19,578.24
100720,12205,2016/07/16,625.05
100748,19795,2017/05/13,187.12
100769,21550,2015/05/16,959.88
100790,15805,2016/06/26,3260.75
100811,12475,2017/11/21,143.54
100839,18625,2016/10/13,3249.25
100853,15400,2014/09/14,1192.64
100888,17455,2015/04/06,127.86
100895,20785,2014/06/02,1967.77
100930,12400,2017/04/07,4976.96
101007,17980,2015/02/09,69.32
101042,10105,2017/11/19,32.5
101049,10240,2017/06/21,421.26
101077,13660,2017/03/25,32.52
101091,20245,2015/12/05,305.18
101182,16405,2017/09/04,187.67
101210,13540,2017/08/25,48.12
101245,16990,2017/11/27,1590.51
101308,14260,2017/10/02,222.82
101336,12760,2016/11/13,840.4
101343,19885,2016/07/17,186.9
101378,19600,2016/07/14,104.4
101385,16075,2016/09/25,52.16
101399,15940,2015/01/17,1623.93
101434,21325,2017/06/20,753.95
101448,13930,2016/02/27,73.86
101476,20485,2014/09/12,139.98
101483,10675,2017/07/29,16.14
101497,18760,2016/09/29,63.23
101511,15745,2015/11/21,2056.76
101539,21685,2017/03/16,52.71
101546,14620,2016/12/18,3085.64
101581,13195,2017/10/22,1474.5
101602,18100,2014/12/15,122.04
101630,12760,2016/02/19,92.94
101707,19165,2015/08/27,588.59
101728,20575,2017/08/19,15.6
101749,10045,2017/10/03,492.45
101798,18190,2017/12/11,139.9
101910,11920,2015/11/27,1326.4
101924,16585,2015/09/04,82.16
101931,21370,2014/10/28,3596.34
101938,13480,2016/01/07,34.58
101966,11785,2016/07/14,1784.72
101987,15040,2016/06/24,3968.19
102008,19915,2014/09/30,114.19
102036,12130,2015/09/21,798.96
102071,18820,2014/05/09,470.31
102085,16015,2014/10/04,87.72
102099,13915,2017/12/18,152.28
102162,15565,2016/09/11,12799.36
102267,20800,2017/11/30,5.62
102274,13075,2014/11/21,3342.87
102281,17470,2015/10/12,7257.38
102288,21910,2017/06/19,771.69
102337,20485,2017/06/13,179.94
102407,10435,2017/12/09,5818.92
102414,15970,2017/05/15,64.59
102456,12865,2016/02/27,432.9
102491,16435,2015/08/24,15188.52
102519,11650,2017/11/27,958.14
102554,16705,2017/06/11,9.62
102582,18400,2015/09/15,1830.1
102638,17845,2017/12/29,21.69
102673,16630,2014/11/01,9135.07
102715,15370,2014/04/11,2407.08
102722,16570,2015/04/18,328.02
102750,14695,2017/09/04,4462.92
102771,13435,2017/03/31,277.5
102792,15340,2016/12/13,29.49
102834,16990,2017/03/09,299.96
102869,17140,2014/09/09,974.27
102890,20470,2017/06/30,5063.55
102932,20485,2016/09/19,173.4
102946,21730,2017/06/30,189.48
102981,17500,2016/09/06,2245.83
102988,14695,2014/04/05,12695.94
103100,10105,2014/12/20,3350.58
103156,20995,2017/11/23,216.45
103163,14290,2016/06/07,24.48
103205,15760,2015/12/08,515.8
103226,13195,2017/09/22,125.01
103247,19195,2017/10/05,994.13
103366,13990,2014/01/15,509.8
103380,11005,2017/11/21,44.93
103401,14560,2014/11/21,44.06
103471,15670,2015/12/24,7207.07
103499,14020,2017/11/20,611.24
103590,15505,2014/11/30,249.12
103646,20545,2016/04/21,2309.47
103702,10885,2014/09/12,362.18
103723,11305,2015/12/01,43.55
103730,20725,2016/06/12,2092.1
103793,11245,2015/03/26,291.21
103828,15370,2017/08/13,700.04
103849,18895,2014/05/11,671.38
103877,19660,2017/09/07,2130.21
103891,16690,2016/07/12,502.74
103905,10930,2014/07/14,231.91
103940,11515,2014/09/17,912.79
103947,10990,2016/04/01,113.6
103961,18430,2015/11/05,79.26
103996,19435,2015/03/29,1196.43
104003,13285,2017/10/07,553.8
104066,19255,2017/12/05,594.58
104080,10210,2017/03/08,749
104129,14080,2015/02/27,2045.86
104157,17815,2016/07/25,12158.29
104220,11245,2017/01/30,856.1
104269,13060,2014/03/01,2039.98
104283,17065,2014/06/27,2039.64
104346,15070,2015/12/11,2535.54
104381,19810,2017/12/16,125.16
104430,17110,2015/10/22,38.8
104472,12325,2014/06/02,351.21
104514,12535,2015/01/02,264.55
104626,12940,2015/09/01,5518.04
104640,14275,2017/11/10,4035.09
104647,12595,2017/02/23,168.48
104738,20620,2014/12/30,1260.92
104745,14755,2017/05/29,424.65
104773,21175,2014/12/08,286.98
104780,11530,2014/05/21,163.68
104794,16495,2016/12/16,8.1
104801,14350,2017/02/13,29.49
104941,13075,2015/06/13,2350.95
104955,12040,2017/03/19,173.46
104969,14125,2016/04/08,726.6
105018,19990,2016/11/28,13.6
105046,11335,2017/07/17,1025.92
105053,12355,2017/07/07,57.51
105074,17305,2017/06/24,125.01
105102,11575,2015/09/15,123.61
105144,20035,2017/11/04,98.66
105172,18910,2014/04/04,106.56
105214,21610,2017/06/16,7032.36
105221,21685,2015/11/01,195.7
105235,20950,2017/12/05,1124.3
105284,17650,2016/11/24,12.15
105340,14185,2014/11/22,86.6
105347,13000,2015/11/24,49.4
105389,13015,2017/10/23,31.62
105410,18370,2017/03/19,3178.18
105445,11095,2017/02/20,25.92
105480,13225,2017/12/20,13.64
105494,18745,2016/11/10,837.46
105578,17380,2016/05/30,353.6
105585,19735,2016/08/26,818.48
105599,17275,2015/09/07,148.85
105627,12895,2015/03/08,9042.97
105634,14905,2015/11/08,42.7
105690,11965,2015/11/21,1260.56
105725,14755,2015/02/18,341.77
105760,16255,2016/06/19,51.36
105767,10510,2014/05/23,262.12
105809,14935,2017/02/20,42.97
105816,15265,2016/12/11,5208.34
105851,20110,2017/03/13,4996.86
105886,13660,2017/12/18,26.54
105893,19075,2014/11/11,3995.28
105900,11590,2016/09/17,149.6
105914,18985,2017/10/02,6402.34
105970,19060,2015/03/02,404.04
105984,18295,2014/11/24,5624.83
106033,14260,2017/10/15,351.68
106068,19330,2017/10/23,1283.97
106131,21565,2017/01/14,817.11
106180,19975,2017/09/18,393.06
106229,18550,2014/06/07,1387.71
106264,12595,2014/12/26,54.43
106306,18820,2016/03/08,31.53
106320,13870,2015/09/25,3038.13
106334,15490,2014/12/27,805.98
106341,17185,2016/10/20,25.47
106376,11590,2014/12/05,635.88
106383,11440,2016/03/19,200.01
106439,14650,2014/10/31,4810.16
106530,12565,2016/05/08,6236.47
106537,19495,2017/08/12,70.84
106558,13495,2016/01/17,1469.4
106565,11110,2015/03/20,345.6
106663,17800,2017/06/09,712.44
106677,10285,2016/11/05,83.96
106719,19645,2014/08/24,31.34
106803,13285,2014/12/29,62.62
106810,10795,2014/05/14,835.48
106831,14350,2017/06/01,606.04
106852,20530,2017/06/20,132.18
106859,11215,2017/03/13,2230.88
106894,12265,2016/02/07,356.81
106943,14305,2017/11/14,28.62
106964,14770,2017/12/17,43.28
106978,21910,2015/09/28,79.52
106992,20290,2014/09/19,17639.72
107125,11320,2017/11/27,509.16
107139,13390,2014/07/05,506.64
107153,14545,2014/09/28,135.69
107167,18460,2017/06/10,10443.28
107181,13270,2014/02/04,237.42
107202,16930,2016/05/21,23964
107216,18985,2016/06/14,149.37
107272,21610,2017/11/05,986.09
107293,12400,2017/09/05,9.54
107328,12055,2016/08/08,2341.98
107349,20155,2015/07/13,519.6
107440,11365,2016/04/16,63791.76
107454,19720,2014/11/02,446.7
107461,19075,2017/12/21,60.3
107594,13945,2014/07/02,8.37
107615,19645,2016/03/22,169.88
107636,18520,2017/04/30,11.52
107699,15820,2014/05/19,269.82
107720,21685,2017/11/06,138.78
107727,17560,2017/10/19,117.87
107748,10330,2017/12/10,431.74
107755,12760,2014/02/07,922.88
107818,17275,2014/09/08,6601.71
107832,14275,2017/11/23,40.49
107909,20875,2017/09/01,179.45
107916,15460,2014/08/24,43.14
107937,16045,2015/05/03,3595.74
108063,10090,2017/12/02,86.61
108070,15745,2017/04/16,356.89
108091,13795,2017/11/16,101.2
108098,12340,2016/10/14,531
108112,12895,2017/11/15,623.48
108189,14080,2014/10/02,2533
108245,19975,2017/09/22,98.91
108273,13720,2014/12/16,345.96
108434,15160,2016/12/05,1860.72
108441,20170,2017/06/12,289.25
108455,18160,2016/12/02,333.44
108504,18955,2016/02/05,6596.62
108553,19990,2017/04/23,988.51
108560,15385,2017/07/08,225.74
108567,13210,2016/05/20,12.78
108574,18145,2017/10/07,804.65
108581,14035,2016/06/20,293.16
108616,15730,2016/09/29,1311.81
108644,20215,2016/09/30,12.76
108665,16225,2015/07/06,506.4
108707,12910,2014/10/24,31.96
108777,15655,2016/12/12,1518.27
108868,16585,2016/09/08,575.58
108882,16780,2016/01/09,3297.13
108966,20335,2015/10/11,5153.01
108987,10675,2016/09/08,11685.5
109036,16510,2014/12/20,97.29
109057,21460,2016/04/22,95.8
109162,16420,2014/06/08,795.84
109176,16075,2016/05/09,290.95
109218,10825,2014/06/30,123.1
109232,18370,2014/01/13,1910.76
109253,18880,2017/08/21,3431.64
109344,12070,2016/02/08,4511.91
109365,21865,2016/11/03,1318.55
109407,14965,2016/01/24,64.8
109470,16255,2015/12/31,2107.57
109484,19705,2017/11/06,24.62
109491,16930,2014/02/20,366.44
109512,17185,2015/03/05,2624.82
109575,16630,2015/09/18,9286.49
109589,11635,2017/12/21,218.68
109638,15985,2015/12/15,3358.71
109701,10360,2017/12/02,484.81
109708,12745,2015/05/25,1809.76
109736,13420,2015/10/10,172.34
109757,17350,2017/09/04,97.38
109778,21685,2017/07/16,18.34
109806,15685,2016/09/17,65.41
109820,10390,2016/11/20,75.12
109869,21040,2016/04/22,485.75
109911,21805,2016/05/12,29.2
109939,10375,2015/05/08,28.2
109946,18925,2017/04/16,72.25
109960,13210,2017/12/09,303.85
110016,11395,2015/11/29,3802.75
110023,21610,2016/09/09,44.96
110030,17185,2014/12/06,167.82
110044,19735,2016/06/28,899.94
110093,10255,2015/12/03,145.88
110156,13945,2016/11/19,1114.22
110163,14725,2015/11/01,32.99
110170,14860,2016/09/27,5214.72
110184,11170,2014/07/12,2157.26
110254,17755,2016/08/04,779.31
110352,13885,2014/11/23,98.66
110373,17560,2017/10/27,140.64
110380,19225,2017/09/02,22.98
110408,10225,2014/10/18,2396.46
110457,13090,2015/03/02,2559.48
110478,20860,2017/03/04,34.16
110499,21895,2016/04/07,2999.94
110527,13885,2014/08/09,135.68
110569,13870,2015/05/23,157.36
110576,19795,2017/11/28,14611.02
110604,15295,2017/05/15,1185.85
110632,14830,2015/03/17,98.23
110639,19495,2014/08/23,501.64
110667,18595,2015/04/04,629.71
110674,20095,2014/02/12,615.44
110772,18565,2016/11/20,605.21
110786,10795,2014/12/29,2864.5
110842,14725,2017/11/11,730.29
110849,15835,2014/04/18,1326.03
110884,20395,2017/03/07,510.21
110905,19690,2017/09/10,3262.14
110926,13570,2017/11/19,106.47
110947,10765,2015/06/09,253.32
110996,16525,2017/11/20,780.75
111003,12625,2014/06/01,1760.37
111010,18895,2016/01/22,37.8
111024,20035,2017/07/03,1141.84
111059,21400,2014/02/03,278.01
111094,12535,2015/07/09,418.11
111115,16735,2016/07/25,91.26
111150,19630,2014/12/31,330.54
111164,20110,2015/04/11,2220.69
111199,15730,2015/11/13,461.19
111234,10600,2015/02/18,46.2
111290,13375,2016/07/22,417.21
111325,11395,2015/02/27,75.24
111332,18340,2017/05/20,2628.56
111374,12415,2017/02/24,44.6
111395,21745,2015/11/23,1297.34
111416,17215,2016/09/17,718.95
111423,13765,2017/08/17,4255.6
111451,16555,2014/12/26,2181.36
111493,12160,2016/10/21,384.78
111500,13510,2014/08/17,1003.13
111507,21775,2015/02/06,13.02
111514,20260,2015/08/31,7339.37
111556,11920,2017/11/20,6983.21
111647,19585,2017/07/03,635.88
111682,21055,2016/06/17,2993.44
111689,14815,2017/11/30,5049.1
111696,21625,2016/05/08,35.88
111703,16315,2015/07/02,97.74
111745,19885,2017/11/05,554.63
111808,10510,2017/12/16,31.1
111815,13915,2017/03/03,886.75
111829,14365,2015/03/19,25653.01
111913,16930,2016/08/04,1068
111920,18970,2017/10/22,170.04
111927,17230,2015/11/14,35.12
111990,13660,2015/11/08,81.84
112014,18715,2015/08/13,152.4
112025,16975,2016/07/30,34.74
112039,15775,2017/03/25,2398.92
112102,11605,2016/04/12,575.62
112109,15715,2016/07/08,3126.77
112116,15475,2015/03/16,283.72
112123,11710,2016/03/03,3761.07
112130,20785,2015/05/03,3433.19
112158,13165,2014/12/02,2849.74
112200,21475,2014/11/22,87.8
112326,19195,2014/01/04,1498.1
112333,16285,2017/04/08,6712.08
112375,19720,2015/12/21,305.28
112389,15655,2016/10/29,170.79
112403,15280,2014/03/31,6.15
112452,18340,2015/04/04,1366.09
112487,21535,2017/12/26,6.26
112508,11185,2015/03/24,24.46
112515,10225,2017/09/17,5303.7
112529,20770,2017/11/19,2901.74
112536,20890,2017/05/18,113.61
112564,21160,2014/04/23,7.5
112613,15910,2017/05/28,222
112697,10195,2016/12/18,5614.79
112718,16450,2014/12/16,5.25
112725,14125,2017/01/30,432.87
112753,12670,2017/06/18,3639.24
112809,19915,2017/08/18,723.65
112865,11710,2017/05/18,76.59
112872,19960,2014/12/06,758.53
112914,18070,2014/09/25,1146.36
112928,10990,2017/06/01,61.15
112942,19810,2016/02/13,342.57
112956,21550,2017/08/21,1674.98
112977,12010,2016/03/10,453.74
113047,10915,2014/10/24,43.83
113061,13735,2016/04/22,216.54
113110,11260,2015/03/19,299.36
113138,18685,2016/11/19,168.6
113145,21670,2015/11/01,978.58
113173,13225,2015/11/15,1731.84
113243,18730,2016/06/10,6761.2
113320,17155,2014/12/12,42.48
113327,11170,2015/05/26,798.99
113355,20215,2017/12/01,2140.75
113404,13810,2015/07/16,5799.42
113418,12655,2017/10/01,11934.23
113474,21490,2017/03/30,651.72
113481,10045,2017/01/02,1391.4
113509,18925,2016/03/15,251.94
113516,21685,2016/09/08,355.02
113530,11125,2017/05/19,3305.89
113558,18790,2017/10/21,3189.12
113579,16345,2014/12/13,559.5
113621,15745,2016/12/01,979.51
113628,10690,2015/11/12,3290.4
113649,14920,2016/08/09,2503.4
113670,19765,2017/10/15,1116.15
113747,21670,2016/05/28,847.62
113803,21805,2016/03/24,38.21
113852,14605,2017/07/29,350.19
113901,18610,2015/10/19,629.73
113929,12205,2014/06/16,376.86
113971,12535,2015/05/08,32.34
114055,18115,2017/12/25,2234.64
114069,18370,2015/07/13,72.16
114104,18670,2016/11/20,3634.58
114174,10720,2016/09/08,411.76
114188,19345,2014/05/20,883.42
114258,13825,2017/11/05,1663.08
114293,16180,2016/11/21,902.48
114300,10885,2015/10/13,748.62
114433,18325,2014/05/13,382.41
114468,20995,2015/08/23,272.08
114489,16165,2016/12/05,11002.65
114510,15295,2014/03/14,1253.48
114517,21235,2014/12/23,117.74
114524,13900,2017/03/31,203.71
114622,16210,2016/04/10,17.8
114636,14725,2017/08/25,768.65
114643,14215,2014/06/13,43.56
114713,20695,2016/07/07,319.06
114727,16945,2016/07/18,3122.26
114776,14650,2016/12/06,85.53
114888,12430,2016/09/19,52.32
114923,17020,2015/02/08,381.51
114951,13690,2016/06/26,51.66
114972,19225,2016/11/03,4728.87
115091,15760,2015/10/05,221.96
115161,17050,2014/01/31,649.72
115175,17575,2017/08/07,1345
115259,19960,2014/08/25,932.06
115336,10600,2014/11/18,147.7
115357,19735,2014/08/06,220.17
115364,18730,2017/06/26,427.08
115455,20110,2016/09/08,2612.78
115476,21835,2016/03/17,359.44
115504,18130,2016/03/12,18.14
115511,18400,2015/11/21,624
115525,19525,2016/07/25,1321
115546,10465,2017/05/14,2363.39
115588,10885,2016/11/10,170.29
115602,13630,2017/12/18,15075.11
115651,18640,2017/07/09,365.68
115742,13000,2015/04/18,777.4
115756,19075,2016/09/05,2163.63
115791,13315,2014/01/16,793.85
115798,16645,2015/11/13,1215.99
115812,11710,2014/06/09,6208.11
115819,15280,2016/04/19,626.66
115917,19465,2016/05/20,60.52
115931,15655,2017/12/22,391.98
115938,20830,2015/06/26,1797.22
115945,10165,2015/06/25,1879.86
115973,18430,2014/11/24,9.83
115980,21775,2014/07/15,38.16
115987,17020,2014/09/08,946.88
115994,11305,2017/01/28,917.25
116092,16195,2015/02/15,2696.22
116204,21775,2017/02/11,106.68
116225,20935,2017/11/05,1563
116232,10450,2016/09/22,57.12
116239,12565,2014/03/04,1313.1
116344,15145,2016/07/29,381.52
116358,16225,2017/11/02,162.57
116400,13930,2016/10/22,159.68
116407,15190,2014/11/15,939.5
116519,12730,2017/10/13,2805.15
116540,20590,2016/09/02,28.57
116547,16585,2016/01/10,307.68
116645,17725,2017/11/30,432.72
116687,18625,2015/05/02,710.64
116715,21775,2017/12/02,2800.16
116729,14620,2016/12/25,860.86
116736,12430,2016/01/17,101.96
116750,10975,2015/07/05,75.65
116757,17980,2014/06/30,222.17
116834,13240,2014/10/11,1000.5
116855,10855,2017/12/17,1615.65
116904,20095,2014/09/23,28443.75
116932,18010,2014/07/21,719.66
116974,17965,2016/10/09,173.8
117016,20095,2014/03/04,73.86
117023,15955,2017/08/07,628.8
117044,14920,2017/09/11,57
117058,16810,2014/05/27,104.76
117135,18325,2014/06/21,692.05
117163,13720,2014/01/27,303.57
117170,16465,2014/09/17,137.94
117184,18715,2015/05/17,66.9
117212,11530,2017/02/26,6730.83
117240,12340,2017/07/23,20.67
117247,12760,2017/10/09,3112.61
117261,21235,2017/09/04,181.04
117282,12880,2016/07/14,26.54
117331,18370,2017/10/21,78.45
117345,10975,2014/08/01,493.24
117394,17920,2017/09/04,76.16
117415,20710,2015/12/27,5695.24
117429,17545,2014/10/07,649.6
117457,16510,2017/12/08,4231.96
117485,11320,2017/09/23,1284.6
117534,12295,2017/03/25,3184.76
117590,14485,2016/12/08,6871.93
117639,18235,2014/05/21,9415.21
117653,17500,2017/10/19,502.01
117660,11785,2016/12/30,60.7
117695,19030,2017/08/05,68.8
117702,16975,2017/11/28,5.24
117709,18940,2014/05/04,215.28
117744,17860,2014/12/02,839.01
117800,21550,2015/09/21,2630.31
117807,13090,2017/10/01,306.16
117828,11500,2015/12/23,621.8
117849,16120,2016/04/15,335.28
117863,21340,2017/05/18,50.08
117870,15820,2017/01/27,450.18
117926,10225,2017/12/08,69.48
117933,19840,2017/12/24,155.61
117947,18355,2017/08/18,73.35
117961,14740,2015/11/26,724.8
118038,16600,2017/12/09,203.67
118052,11455,2016/05/06,123.92
118087,20620,2017/09/09,2077.81
118227,13270,2015/04/24,72.12
118255,18715,2016/03/11,123.82
118339,11515,2014/03/17,1282.89
118360,15775,2017/04/01,300.51
118367,17170,2017/10/28,105.56
118402,15280,2017/09/29,1067.15
118423,13390,2015/03/24,786.51
118437,19165,2017/06/17,59.86
118486,20485,2014/04/06,1106
118521,17185,2017/02/16,108.76
118542,12550,2017/12/01,220.34
118570,12430,2016/11/13,1257.06
118626,15775,2016/08/15,3174.92
118640,11950,2017/07/20,281.74
118731,17080,2017/11/20,324.48
118773,21415,2017/02/09,1457.5
118780,18775,2016/09/10,133.15
118857,10075,2017/04/15,1198.35
118871,14860,2015/12/04,1327.37
118885,15160,2017/12/29,2858.83
118913,10240,2016/06/25,188.49
118948,18490,2015/05/28,29.49
118955,17230,2015/06/16,1899.84
118962,12130,2014/08/05,1961.11
118969,17095,2016/10/02,310.44
118976,18295,2014/04/28,3312.83
118983,14815,2015/11/22,27.12
119025,18985,2016/02/22,2402.55
119032,17770,2014/11/27,13.9
119039,11170,2017/03/06,79.83
119137,10900,2014/07/23,9261.51
119151,18175,2014/11/25,5134.65
119165,11320,2016/10/31,3138.05
119186,17710,2016/05/26,1871.25
119193,19990,2017/12/22,6.89
119214,11905,2015/01/23,138.34
119291,15550,2015/05/14,1758.25
119305,20275,2017/11/30,921.1
119312,12400,2015/10/02,1527.4
119375,21895,2014/11/17,14360.91
119438,11980,2017/03/18,568.05
119452,12565,2017/03/21,6019.56
119564,18925,2017/12/15,79.68
119578,15310,2017/12/22,220.98
119592,18280,2015/12/14,12.62
119669,21130,2017/01/24,27.21
119683,12595,2016/03/12,68.46
119746,12385,2017/11/23,956
119823,16270,2016/06/04,379.4
119907,17140,2015/12/01,173.2
119935,16225,2016/11/10,342.96
119963,20710,2016/11/18,1751.16
120005,21160,2016/03/03,141.12
120089,17755,2017/11/30,1742.84
120103,17365,2015/12/24,619.39
120243,10435,2014/12/27,46.8
120250,10720,2016/09/19,76.89
120257,19240,2016/09/22,19.68
120278,17365,2014/11/07,217.28
120327,21850,2017/11/11,157.96
120341,20200,2015/09/26,780.14
120355,17260,2016/09/18,182.16
120362,12265,2015/09/14,2510.05
120376,21130,2017/12/22,2527.67
120390,21550,2017/10/19,9436.2
120418,11125,2017/06/11,642.06
120439,10180,2015/06/14,242.58
120460,11170,2016/04/30,131.13
120474,19390,2014/12/01,9212.48
120516,12595,2015/08/13,18.93
120530,13600,2016/04/07,3074.13
120544,20140,2014/11/23,463.35
120572,14425,2015/12/11,66.26
120705,17875,2017/09/05,447.68
120761,10150,2017/09/04,193.08
120768,15070,2014/12/19,9848.78
120810,21550,2015/07/23,275.76
120838,18865,2014/03/23,2368.56
120859,12805,2016/09/01,92.98
120873,11200,2016/10/27,591.66
120880,15850,2015/05/29,1956.81
120887,21205,2014/09/27,291.78
120929,19780,2016/03/18,621.06
121034,15565,2016/08/08,114.63
121041,12250,2015/11/03,20.92
121097,20965,2015/01/03,25.92
121167,17500,2014/11/28,21.02
121223,14590,2016/09/11,5242.44
121251,14440,2017/03/26,412.64
121300,17680,2017/09/29,1974.49
121314,11410,2017/09/23,1321.11
121370,14110,2016/11/14,1568.49
121412,11695,2017/09/23,114.87
121419,21475,2017/04/02,2381.28
121468,16345,2017/11/19,121.88
121503,14275,2017/07/03,3674.39
121573,20605,2014/11/03,3352.3
121601,17500,2016/10/04,246.47
121608,15400,2015/09/03,170.83
121615,12925,2017/11/03,275.55
121650,16495,2015/12/10,1711.99
121664,14815,2014/05/06,844.4
121671,10480,2016/07/17,1636.62
121720,15610,2015/06/11,11754.46
121727,15625,2014/08/19,30.82
121755,13945,2016/01/16,388.53
121797,12145,2015/01/30,7793.54
121818,15430,2017/11/20,221.99
121888,11890,2017/09/15,3529.35
121909,14035,2017/07/31,255.81
121958,12505,2016/11/13,278.04
121965,17155,2015/06/19,542.17
121993,16000,2016/06/10,88.56
122021,10660,2014/10/15,969.24
122035,13825,2017/07/20,1715.98
122105,12010,2017/06/24,493.92
122133,15670,2016/05/16,1547.16
122140,17950,2015/04/02,789.37
122154,20830,2017/04/09,1107.63
122182,11770,2016/03/10,127.47
122210,21850,2015/11/30,411.53
122245,10105,2016/09/25,1258.11
122259,14815,2015/10/31,262.92
122280,20395,2017/09/10,93.8
122287,20560,2015/06/18,374.84
122322,19510,2016/07/15,155.4
122336,15895,2014/04/13,314
122371,11800,2015/09/26,477.57
122392,12010,2016/07/22,60.48
122406,11455,2015/08/02,1205.91
122490,21070,2017/11/13,2485.67
122504,13270,2017/11/07,3614.81
122518,19345,2016/03/04,71.04
122567,17935,2014/02/16,68.8
122595,14455,2017/12/14,2.03
122623,12145,2015/09/07,126.7
122637,13915,2017/09/03,362.18
122644,20965,2017/11/12,89.74
122693,18610,2017/02/19,4111.31
122700,17110,2017/11/26,993.36
122707,13750,2017/04/16,2226.9
122714,14965,2017/12/07,28349.85
122728,13930,2016/05/18,552.66
122735,11320,2017/04/12,212.54
122756,13225,2015/12/03,1929.36
122784,19915,2015/07/20,6839.03
122826,19480,2015/06/23,806.28
122882,20290,2014/09/07,2165.77
122910,16765,2015/05/12,335.96
122931,20950,2014/09/29,918.94
122959,12745,2014/12/12,1420.14
122994,17485,2017/02/06,1148.28
123001,10840,2017/09/02,1068.87
123064,19915,2014/06/30,20.96
123127,20620,2014/09/08,58.72
123134,13585,2017/05/02,324.81
123155,18640,2015/03/09,448.4
123218,16345,2015/12/20,1834.48
123232,13630,2015/12/14,1279.88
123246,10960,2017/10/17,37.24
123253,13255,2014/08/22,4.23
123260,14290,2014/08/26,754.32
123274,14710,2016/02/19,85.94
123295,10120,2014/07/18,996.04
123323,16900,2014/11/07,738.85
123344,16060,2014/09/24,763.04
123351,16480,2017/09/21,167.39
123372,13300,2017/11/28,8622.53
123456,16450,2015/07/09,1021.26
123463,14470,2017/12/23,32.36
123470,17725,2016/08/15,497.79
123491,15205,2017/10/30,7613.74
123498,20980,2014/11/07,454.14
123505,10540,2015/11/22,59.76
123568,20095,2015/11/08,737.79
123617,10780,2016/11/28,97.86
123638,17995,2017/06/27,795.84
123659,17935,2017/02/10,127.16
123666,20545,2016/03/26,1119.2
123701,18820,2017/11/24,122.12
123750,19795,2016/04/15,4296.16
123778,11755,2017/09/23,334.78
123806,16780,2016/11/24,675.2
123925,19840,2014/12/17,240.3
123960,11605,2015/06/11,584.03
123967,20200,2017/11/01,14449.28
123981,19630,2017/10/02,149.57
124023,19015,2014/04/07,23.28
124044,17830,2015/07/23,42.03
124051,16525,2016/12/29,1077.48
124058,16885,2015/11/20,572.81
124086,18175,2017/02/10,765.52
124149,17740,2016/04/23,656.97
124303,14365,2017/07/06,85
124352,12790,2016/10/15,3580.15
124401,19900,2017/09/07,1415.02
124429,17785,2014/05/27,2949
124450,14710,2015/04/27,14841.95
124485,18340,2016/11/24,416.1
124506,11545,2016/11/11,255.88
124541,21220,2015/04/06,206.01
124576,14890,2017/08/01,211.58
124653,13120,2015/12/24,550.41
124667,11770,2016/11/11,287.95
124674,16000,2017/11/17,400.02
124681,20935,2016/07/18,46.74
124688,12610,2014/08/27,4589.55
124709,14605,2014/07/27,868.7
124772,15160,2016/12/05,575.46
124793,18280,2016/03/14,832.22
124800,19540,2015/09/26,4991.33
124814,14215,2016/04/10,169.65
124821,10705,2017/06/25,2178.48
124828,21880,2017/07/03,61.38
124891,19495,2015/07/31,16753.57
124919,20650,2015/05/31,422.08
124926,17320,2017/11/13,158.46
124975,17875,2015/06/22,3743.18
125115,19930,2017/04/10,49.24
125136,16495,2014/09/28,792.08
125164,19975,2016/11/10,250.83
125171,10390,2014/09/03,72
125178,17515,2015/10/03,55.02
125199,14860,2017/10/19,2231.57
125206,16915,2016/01/03,267.06
125234,20710,2015/11/27,871.41
125290,12430,2017/11/06,108.19
125318,19825,2016/06/06,1148.76
125374,16060,2015/03/23,342.56
125388,17965,2017/10/19,357.04
125423,17575,2015/12/13,48.46
125514,11650,2014/09/21,203.28
125521,12325,2014/03/14,4122.68
125556,17410,2014/11/14,3916.04
125612,11260,2014/08/03,844.06
125717,13030,2017/09/28,2689.43
125738,18805,2016/10/15,348.31
125815,13330,2016/10/28,39.12
125829,21850,2014/11/04,7538.67
125878,18025,2017/02/25,4.77
125969,16975,2016/11/06,644.1
126004,11140,2016/12/04,1547.59
126032,11665,2014/06/23,302.31
126046,16105,2017/11/03,39.63
126067,16705,2017/08/28,357.03
126074,19735,2017/10/02,1384.51
126158,20095,2016/07/25,1697
126179,12460,2017/07/03,1072.68
126214,15880,2015/12/21,8769.96
126221,12430,2017/12/30,519.06
126235,14725,2015/10/15,34.28
126242,18100,2017/11/19,28.05
126354,20380,2017/02/03,326.84
126361,21670,2014/08/04,2904.81
126403,19525,2014/09/09,7435.14
126438,10345,2017/09/10,20.82
126445,19945,2015/08/27,1179.3
126529,13255,2016/01/11,54.56
126536,18490,2017/10/12,386.25
126557,19615,2015/07/12,5865.07
126571,15565,2014/10/11,986.66
126613,10375,2016/07/10,63.48
126662,10255,2017/07/17,1319.94
126697,20815,2015/09/21,5734.69
126760,16720,2014/07/26,4082.67
126774,20395,2017/04/15,4.23
126809,13750,2016/04/09,100.53
126844,11110,2016/10/08,232.64
126907,20950,2014/11/01,41.19
126956,14710,2017/08/21,158.88
127012,14680,2014/08/11,242.86
127026,18115,2017/01/21,1093.86
127040,20605,2015/12/06,15165.6
127110,12070,2015/06/25,132.18
127131,14830,2014/11/24,1994.44
127159,15040,2014/05/12,124.04
127180,21385,2017/10/22,58247.01
127187,12085,2014/12/04,277.28
127208,20770,2016/06/12,425.66
127264,20830,2017/04/03,29.64
127285,18055,2017/10/30,284.21
127299,15835,2014/09/19,8234.13
127306,11710,2017/01/14,659.07
127341,12595,2017/01/29,136.44
127369,13060,2016/06/06,2771.45
127383,11815,2014/12/31,123.92
127418,15445,2015/06/13,115.35
127432,10180,2017/01/22,15189.74
127446,17590,2014/11/25,5375.74
127453,15370,2015/12/19,1953.55
127460,14260,2017/07/10,1671.36
127488,17365,2014/09/22,14.96
127509,10090,2015/11/09,4916.66
127523,11695,2014/05/11,155.61
127586,12400,2014/09/26,1240.48
127593,13675,2015/09/21,193.34
127607,15730,2015/03/20,191.72
127642,12340,2016/05/21,223.92
127691,14065,2014/07/22,464.92
127705,10255,2017/06/02,94.84
127775,14020,2016/06/11,719.91
127964,10720,2014/03/03,474.24
127971,13195,2016/11/20,1508.16
128055,10315,2014/03/31,1337.68
128083,13750,2015/03/12,164.08
128090,15865,2015/08/16,9686.55
128111,12355,2016/03/17,101.58
128139,11725,2015/07/03,156.15
128146,13060,2014/06/21,6227.37
128160,17920,2017/12/19,121.02
128195,19285,2016/08/04,50.25
128258,12085,2016/03/30,24.95
128300,19765,2017/11/24,1217.62
128370,14275,2017/09/10,1054.53
128412,10915,2016/12/10,1331.3
128426,15730,2017/10/07,45.2
128475,20680,2017/08/26,201.54
128517,20350,2016/04/09,680.48
128531,18505,2016/11/24,853.24
128629,11155,2017/07/10,131.88
128685,17515,2014/04/04,12.78
128755,18160,2017/05/04,2262.62
128818,12010,2016/05/07,15058.74
128839,21070,2014/09/08,419.94
128846,19765,2014/04/07,3018.46
128923,14530,2016/12/09,66.36
128986,14410,2014/08/03,538.74
129021,18850,2017/08/23,27342.83
129042,13960,2015/12/12,21.9
129091,19885,2014/11/22,3286.84
129098,13090,2015/10/09,90.46
129112,10840,2015/11/29,179.3
129168,16585,2014/08/17,66.09
129196,21865,2016/11/01,269.04
129357,16585,2017/05/14,3051.79
129364,21250,2014/12/08,644.7
129378,18505,2017/10/01,655.33
129441,15340,2017/09/07,167.79
129462,15745,2017/06/16,2266.86
129469,16555,2016/09/23,3611.28
129490,20125,2017/09/26,1886.12
129567,12565,2017/03/17,25.08
129574,13240,2014/05/26,133.1
129609,21835,2014/03/22,73.26
129686,14650,2016/11/27,716.24
129693,20980,2016/11/26,13.16
129714,10060,2016/09/01,9461.09
129770,15715,2015/02/21,157.16
129833,14995,2017/12/09,174.8
129854,19705,2015/08/22,49.56
129868,18130,2016/12/26,5499.86
129896,19120,2015/06/15,1741.68
129924,10420,2014/07/12,1965.45
130001,14890,2016/04/23,208.35
130022,16120,2015/08/10,228.6
130029,14755,2016/07/03,33.04
130092,20365,2014/01/11,35.44
130141,14905,2017/10/22,2331
130162,15910,2016/10/28,1580.55
130204,13120,2015/09/03,171.42
130211,11620,2017/10/22,2285.67
130218,20470,2015/03/23,233.24
130309,14575,2017/12/17,2218.32
130351,19570,2017/12/05,452.18
130358,13330,2014/06/23,189.49
130379,15235,2014/05/25,58.64
130386,18430,2017/11/12,4667.49
130407,16270,2016/09/02,195.72
130477,17140,2016/04/08,224.34
130484,20470,2016/08/22,130
130519,18355,2015/09/15,129.34
130526,14755,2017/11/26,342.4
130624,21280,2014/06/21,159.57
130680,11320,2016/06/24,387.16
130729,10375,2014/10/24,111.36
130736,15490,2015/12/07,7.92
130764,15145,2017/10/27,2118.81
130771,16780,2017/07/29,264.62
130785,10900,2015/09/05,2437.65
130792,19915,2015/04/28,403.75
130799,11260,2016/11/11,21.56
130841,17620,2017/07/28,5757.52
130883,21520,2015/09/26,1370.06
130890,15280,2015/11/02,4512.45
130946,21910,2016/04/08,9436.2
130967,13870,2017/03/10,309.48
130995,19255,2015/11/01,9.1
131002,21400,2014/09/07,614.78
131016,12850,2017/09/18,137.18
131051,21325,2014/12/01,179.25
131065,10375,2016/11/14,2614.82
131114,19630,2016/12/09,134
131128,21520,2015/10/19,103.32
131149,17155,2016/07/10,3032.17
131212,10165,2017/12/05,44.28
131233,12355,2017/04/14,39.51
131289,20620,2016/12/08,9897.48
131310,12565,2014/07/12,536.52
131338,18325,2015/08/09,10909.95
131359,14230,2015/10/30,1021.9
131366,20440,2017/11/24,509.92
131422,14530,2015/11/05,897
131450,16915,2014/08/08,3068.53
131492,15010,2017/10/19,265.22
131499,17875,2016/09/08,435.71
131534,10165,2015/03/28,167
131576,19585,2016/11/22,82.38
131583,11890,2017/06/10,237.66
131597,20620,2015/09/14,884.7
131611,13915,2016/11/05,5438.31
131618,17200,2017/06/17,248.04
131625,11515,2017/09/01,651.1
131695,19285,2017/06/30,1246.03
131737,14470,2016/03/17,2658.4
131758,16315,2015/05/28,228.26
131779,16810,2015/06/12,115.6
131828,11845,2017/02/11,4013.04
131835,17590,2016/07/17,2810.46
131849,14410,2017/06/06,102.6
131884,13375,2015/12/06,2118.89
131891,19240,2016/07/29,5.52
131905,18460,2014/02/06,597.95
131926,13480,2014/06/01,7876.15
131954,13030,2017/01/21,928.22
131968,16795,2016/11/11,2013.59
132059,10915,2017/09/23,1582.68
132094,21805,2016/08/26,137.94
132101,15550,2015/03/19,2664.75
132122,15820,2017/07/09,667.65
132143,14215,2016/09/03,240.8
132178,12970,2017/05/03,3742.18
132185,13615,2017/11/27,305.25
132206,17905,2017/06/16,63.28
132227,20035,2014/11/04,164.32
132234,17380,2017/10/16,4378.4
132297,13480,2017/05/27,2439.19
132339,15400,2017/08/19,1345.03
132346,19075,2017/11/07,299.88
132353,13060,2017/09/15,1538.88
132409,21235,2016/05/26,4.81
132423,18295,2016/04/15,299.84
132430,12085,2017/10/09,407.24
132444,12280,2017/11/18,451.02
132486,15355,2015/10/23,5635.9
132500,14470,2014/09/08,99.96
132507,12610,2015/07/30,436.4
132521,13540,2017/09/23,121.45
132570,16480,2015/10/31,236.96
132612,14305,2014/06/09,4554.48
132626,11680,2015/07/09,4805.11
132647,14410,2017/02/17,665.8
132661,20740,2016/10/23,1897
132682,21235,2017/06/08,85.14
132731,14515,2016/11/24,4438.44
132857,12775,2016/12/11,26.13
132906,12145,2015/09/10,152.48
132934,15475,2017/06/20,99.39
132962,15535,2014/09/13,38.88
132976,10495,2017/10/13,395.59
133025,17800,2015/09/17,142.55
133123,16315,2016/09/06,341.82
133130,21100,2014/09/27,1736.25
133144,13435,2016/05/16,36.06
133200,13555,2017/05/06,3063.72
133228,17710,2014/04/04,250.26
133235,16750,2017/08/01,1325.8
133249,20035,2017/07/08,486.3
133256,21550,2017/06/26,2194.04
133270,11785,2014/06/06,59.84
133340,17155,2016/12/09,162.46
133452,21910,2015/04/13,5307.99
133501,12895,2017/08/27,14.9
133508,20350,2016/04/17,154.9
133550,16645,2016/07/31,1927.51
133641,14155,2017/05/14,233.64
133648,17755,2017/06/25,358.93
133690,11755,2014/08/03,10.4
133704,17995,2014/09/20,256.59
133711,17425,2016/11/26,24957.88
133753,11905,2014/06/09,426.71
133781,12850,2017/06/22,155.13
133809,17530,2014/11/18,59.04
133823,17080,2017/05/11,438.59
133851,12445,2014/06/09,95.02
133865,19045,2017/05/08,11339.82
133879,16465,2016/03/21,2374.75
134026,15745,2015/04/26,5755.39
134061,16840,2014/04/29,24.44
134173,10060,2017/09/16,63.92
134208,12505,2016/09/17,1584
134222,18565,2016/07/10,242.94
134278,13915,2014/07/06,1889.97
134285,13180,2017/12/07,65.97
134313,19915,2014/11/01,8140.96
134348,17710,2016/11/12,111.33
134376,21265,2016/10/02,204.78
134404,12880,2017/12/27,52.16
134425,19255,2016/12/08,574.75
134474,10795,2016/01/05,10.5
134481,10405,2017/08/27,10631.6
134488,19075,2016/09/24,725.06
134551,21505,2014/12/20,3224.32
134565,21400,2017/06/11,2687.59
134607,15040,2017/10/03,73.94
134614,19165,2014/09/20,3903.84
134649,11965,2017/01/26,82.41
134677,21865,2014/10/06,27.27
134691,16540,2016/11/14,15.6
134712,11380,2014/11/29,45.44
134733,11650,2014/09/23,1741.35
134747,12925,2015/10/12,1215.24
134761,13210,2016/11/30,92.74
134775,10285,2016/10/28,505.31
134782,17350,2015/12/27,210.84
134803,12565,2016/05/28,2534.2
134838,13885,2017/02/19,223.35
134845,20425,2017/04/17,439.91
134859,16120,2015/10/04,162.36
134894,12985,2015/12/07,1672.88
134908,15940,2016/06/05,396.48
134915,14140,2017/11/12,4612.26
134971,11095,2014/06/07,174.45
135020,17770,2015/05/28,2144.61
135034,10735,2017/08/01,254.34
135062,19615,2017/08/31,1457.54
135090,20920,2014/11/22,228.69
135265,12370,2016/07/07,10548.57
135272,17830,2015/12/07,223.76
135279,11800,2017/04/09,1022.2
135307,17245,2017/11/26,1010.4
135363,12205,2015/03/28,55.19
135391,14230,2015/02/09,390.32
135405,17830,2014/01/09,149.76
135538,14830,2015/12/24,3851
135545,16720,2015/11/24,991.06
135608,15625,2014/12/08,1736.25
135622,21460,2015/12/08,10882.42
135685,18175,2015/11/16,9195.14
135692,12805,2017/04/27,114.24
135699,15010,2014/08/29,293.12
135755,18415,2014/05/03,67.8
135776,13765,2016/12/23,5791.74
135783,14440,2017/04/22,36.56
135860,15985,2017/12/01,1061.54
135923,11935,2016/01/22,329.8
135972,15115,2014/09/21,6231.45
136063,20140,2017/12/15,54.74
136189,13285,2017/12/07,494.28
136231,13015,2016/09/05,1578.17
136280,12640,2014/11/29,8.18
136287,20590,2016/06/13,58.59
136308,18235,2017/11/16,6959.91
136329,15895,2016/07/09,473.8
136350,14515,2017/06/24,499.08
136364,17455,2017/07/13,839.07
136371,20935,2016/03/19,90.66
136378,11845,2015/04/02,115.35
136399,12100,2014/12/16,5543.95
136406,11320,2016/04/15,3037.58
136448,10090,2017/09/16,3512.07
136476,14650,2015/04/05,710.07
136483,10390,2016/12/01,20.86
136539,14665,2017/12/28,317.4
136567,19045,2014/12/20,682.73
136644,20575,2014/06/16,2461.76
136672,17890,2017/03/07,192.39
136707,15610,2017/11/12,56.04
136742,14740,2014/04/06,414.18
136812,10930,2016/11/18,4471.68
136826,12535,2017/06/16,31.53
136875,21295,2017/12/03,639.12
137008,15460,2015/10/02,886.37
137022,20275,2017/11/16,4056.4
137043,17140,2016/12/23,3150.18
137050,20755,2016/07/14,3327.95
137085,11995,2017/06/29,804.78
137099,14320,2017/12/07,772.14
137204,11350,2016/04/28,232.08
137239,12730,2016/08/22,20.46
137330,16585,2016/12/09,343.7
137344,13810,2017/08/20,158.46
137351,13615,2014/09/30,154.91
137428,10555,2017/12/16,527.43
137512,10675,2015/05/07,63.76
137526,19150,2015/01/13,4647.26
137589,17770,2014/11/03,1598.73
137596,11335,2017/09/02,8185.46
137673,17395,2016/09/05,417.6
137708,18430,2015/11/22,425.71
137729,11005,2016/05/05,884.69
137736,13285,2016/11/10,228.83
137750,15565,2015/06/25,942.3
137848,21850,2016/01/15,470.96
137897,18835,2015/11/14,315.65
137946,13615,2015/09/01,3576.15
138002,11305,2015/09/06,575.46
138009,20965,2015/11/29,3945.49
138121,15835,2015/12/17,3536.35
138149,21850,2017/06/29,5019.57
138163,21865,2017/11/17,105.27
138247,11170,2014/12/24,2337.68
138296,19825,2014/12/05,62.62
138303,18145,2015/09/03,2777.37
138317,18400,2014/06/21,1235.03
138380,21880,2017/12/21,3880.03
138436,15895,2014/03/26,282.87
138464,21715,2017/07/08,497.39
138520,15505,2016/04/08,192.92
138527,11470,2014/09/12,40.16
138534,15535,2015/07/17,441.98
138611,12595,2017/11/14,726.96
138681,11995,2014/12/20,2120.51
138688,13045,2016/06/12,46.78
138695,16675,2016/05/28,2203.93
138716,11845,2015/09/17,93.87
138758,15835,2014/07/07,832.22
138779,19570,2017/01/14,96.03
138828,16345,2014/09/02,213.67
138898,16180,2015/05/25,5074.29
138919,16975,2015/09/17,2409.54
138933,15130,2016/04/24,11.2
138940,14455,2014/04/11,4170.9
138975,20380,2017/05/19,9391.76
139010,17635,2016/02/21,326.57
139017,19375,2014/05/11,169.88
139094,17800,2015/11/22,517.4
139157,14680,2016/10/01,495.88
139192,16885,2014/05/27,9094.6
139199,12835,2017/12/09,1891.28
139234,10870,2016/05/06,145.36
139269,16045,2016/05/25,5933.51
139290,17380,2015/10/26,24.18
139311,20965,2017/08/11,867.48
139388,12475,2016/11/07,69.8
139395,17650,2016/12/12,101.42
139451,13690,2014/10/12,93.78
139465,17545,2017/08/27,1292.67
139486,17155,2016/05/21,344.85
139584,13810,2015/08/24,69.32
139598,17695,2014/12/26,1423.6
139619,14080,2017/09/19,573.7
139633,14050,2014/12/17,26.32
139689,17965,2016/12/29,225.26
139710,14680,2016/06/09,532.44
139731,15745,2015/10/15,8407.58
139759,18310,2015/08/25,317.88
139773,13045,2017/12/04,888.86
139850,14575,2015/06/12,188.6
139857,12790,2014/02/02,49.4
139878,17005,2016/11/11,799.74
139885,13840,2016/12/04,1277.28
139892,11140,2014/09/08,12201.55
139913,16105,2017/10/23,594.88
139962,13240,2015/12/13,100.42
139969,10870,2017/11/19,948.87
140004,12025,2014/03/21,44.07
140018,12205,2016/11/21,1283.39
140025,19120,2015/04/07,8851.74
140039,18715,2014/09/13,397
140074,14050,2017/03/23,154.08
140081,12040,2016/06/20,1625.13
140088,18865,2017/05/28,684.44
140116,16480,2014/03/10,2738.64
140144,20770,2015/06/20,476.91
140165,14005,2014/05/13,33.74
140200,12775,2015/07/26,1258.11
140228,14530,2014/04/28,133.35
140242,17755,2017/05/06,2265.66
140298,16120,2017/05/11,140.92
140326,14935,2017/09/04,7503.12
140403,21040,2014/10/10,34.22
140410,12655,2015/11/03,8803.36
140417,16420,2016/09/25,379.09
140501,15070,2016/06/23,2836.36
140543,12640,2016/06/29,833.28
140564,21475,2016/12/05,178.64
140585,19915,2017/12/18,569.51
140634,15040,2016/10/03,45.64
140641,13915,2016/10/28,381.9
140662,21205,2014/11/17,3891.36
140676,11080,2017/09/12,869.92
140746,19825,2016/01/15,902.49
140760,13435,2017/06/02,259.54
140795,11500,2014/02/01,1875.6
140809,12760,2016/02/01,184.85
140830,18970,2015/11/30,424.42
140844,10405,2017/06/19,906.88
140851,18460,2015/07/13,141.9
140858,12775,2014/06/28,2071.07
140886,16570,2014/09/30,257.04
140907,11185,2017/12/10,1962.56
140921,10375,2015/02/03,715.85
140949,13405,2017/03/17,1670.68
140963,18070,2017/06/10,2862.96
140984,12685,2015/09/14,1351.28
141040,21250,2015/10/09,2882.24
141082,14380,2016/12/09,804.83
141145,13405,2015/09/17,296.37
141180,13000,2016/05/15,38.8
141215,16555,2014/06/15,4562.34
141257,11950,2014/06/08,1903.02
141278,19375,2014/06/21,72.75
141397,19825,2016/06/20,711.18
141453,13270,2015/11/30,29.1
141544,18850,2016/08/30,6484.93
141607,21850,2014/12/12,108.27
141684,18055,2015/06/29,112.32
141733,19540,2017/05/07,345.53
141789,10450,2017/10/03,3085.64
141817,18085,2014/01/05,109.89
141852,15745,2017/11/09,188.56
141873,14845,2017/10/09,1079.23
141929,19285,2017/09/04,723.34
142020,21535,2015/06/04,205.04
142034,16240,2017/09/24,5415.46
142041,13810,2015/06/07,31.55
142048,15745,2014/06/22,1082.1
142097,19255,2016/10/15,128.52
142202,16210,2015/09/18,3675.24
142237,12595,2015/07/11,2033.44
142335,17965,2016/12/15,5203.83
142370,21130,2016/09/19,919.88
142419,20380,2015/07/11,466.26
142545,15895,2016/10/28,8681.57
142573,17410,2017/07/18,2085.29
142601,13255,2015/04/18,7103.74
142622,15625,2017/10/30,1041.18
142636,16675,2017/11/03,1624.73
142685,17695,2016/06/23,3730.37
142692,10495,2015/10/23,6.39
142727,14845,2014/04/29,312.81
142755,12355,2015/09/04,13.08
142867,19180,2017/03/17,103.11
142888,11230,2017/11/21,85.17
142902,11185,2016/09/12,32.37
142944,15850,2015/03/06,5813.3
142958,19630,2016/12/13,4081.32
142965,20245,2014/07/20,455.81
143028,20050,2017/04/11,73.86
143063,15100,2017/08/10,5381.55
143077,20965,2015/09/17,48.75
143105,17560,2015/12/10,2945
143119,17275,2015/09/24,1794
143126,12655,2017/12/03,1174.4
143231,14455,2014/12/31,955.35
143238,17170,2015/09/06,185.28
143245,10180,2017/12/01,2063.43
143259,18865,2017/12/30,889.46
143308,19825,2016/11/04,76.26
143329,13330,2017/11/03,187.53
143336,21925,2014/08/27,749.06
143343,11200,2017/06/10,62.3
143385,20500,2014/08/31,527.31
143413,19390,2014/05/24,360.45
143448,17455,2016/12/10,5153.35
143455,17755,2017/11/11,34.12
143490,18325,2015/12/06,720.9
143532,12850,2015/03/19,57.06
143567,21175,2017/11/02,15703.88
143602,15595,2015/04/25,23.97
143651,14215,2017/03/25,57.74
143665,19180,2017/04/26,261.47
143686,19015,2017/05/14,36.56
143749,10300,2016/12/05,122.91
143798,10840,2017/12/10,867.44
143819,16270,2016/03/01,35817.08
143840,14185,2014/05/22,620.22
143861,16885,2017/06/12,34.18
143903,16375,2014/07/20,4700.45
143910,11125,2016/08/12,615.44
143917,16645,2014/07/25,41296.65
144036,14305,2017/11/22,120.48
144064,12085,2017/08/29,321.3
144099,19195,2015/11/29,22.59
144113,15355,2017/09/16,145.46
144190,18415,2015/06/09,38.36
144211,12130,2016/08/28,337.23
144218,15895,2016/10/31,4341.68
144267,18565,2015/08/21,268.53
144344,18820,2016/10/28,1171.46
144386,14635,2015/11/05,86.28
144393,20950,2016/10/28,173.2
144407,17365,2014/09/09,345.31
144526,19255,2017/04/30,2349.79
144540,14410,2016/09/05,910.08
144547,17770,2016/11/10,1504.65
144554,13345,2016/11/07,382.41
144568,15550,2017/05/29,73.75
144582,21475,2017/04/30,189.7
144638,18115,2017/03/10,261.87
144652,20560,2015/11/20,66.78
144666,15520,2014/11/09,5625.78
144792,16615,2016/04/30,391.58
144806,14425,2015/12/06,99.6
144827,20110,2017/12/21,557.12
144855,13495,2016/07/22,33.6
144862,14005,2017/12/01,430.22
144904,16435,2017/09/25,1833.25
144911,19630,2016/11/27,802.05
144932,10165,2017/04/14,82.56
144939,13870,2016/10/03,2175.18
145065,13375,2015/12/12,66.18
145128,20320,2017/07/09,2035.6
145142,17605,2017/01/23,414.04
145177,18955,2016/11/10,2214.54
145184,16150,2015/11/27,314.91
145212,12850,2014/09/13,16.14
145219,19675,2017/12/24,10813.14
145226,13315,2017/12/08,1445.45
145233,13465,2017/12/01,4352.64
145247,18370,2016/05/05,237.42
145303,21415,2016/08/28,675.23
145310,15520,2017/12/22,18.58
145317,20320,2014/03/18,3690.2
145352,12385,2015/03/16,13585.35
145366,12310,2017/12/09,211.05
145387,10705,2014/10/31,9913.88
145401,15520,2015/01/30,85.8
145436,21670,2015/02/28,2149.26
145499,19690,2016/05/30,13.78
145576,12775,2014/09/14,117.5
145583,16885,2016/10/13,906.98
145625,16540,2016/09/11,15.98
145730,12220,2016/03/03,5420.13
145821,15400,2015/05/01,266.25
145842,14380,2016/06/17,135.78
145849,11995,2015/09/15,1101.14
145863,19390,2017/04/21,19.17
145877,10090,2017/04/01,282.6
145884,20155,2017/10/21,7158.17
145905,10705,2016/09/18,4618.42
145919,14965,2016/12/18,1041.76
145982,21055,2016/08/27,786.13
146024,20770,2017/03/02,95.48
146031,14440,2017/07/29,269.28
146136,10915,2017/09/03,68.44
146143,17845,2016/12/14,466.8
146206,16480,2016/09/10,4211.75
146262,21775,2015/01/02,23557.05
146353,15610,2014/10/14,122.24
146416,16165,2017/10/20,88.59
146521,12610,2016/07/21,9.7
146528,21715,2014/07/25,37.24
146535,14290,2017/11/24,8.19
146563,12025,2015/08/24,14096.11
146570,20710,2016/05/15,2134.13
146633,21310,2016/11/15,2857.6
146703,18865,2014/10/20,763.04
146710,20875,2016/08/27,190.6
146724,15025,2017/11/20,121
146745,10630,2015/09/03,498.02
146794,19975,2016/09/26,1474.85
146836,12475,2016/05/02,220.74
146885,13840,2014/05/30,27.24
146920,20305,2017/08/28,239.44
146934,10870,2016/05/22,3142.41
146941,13315,2016/12/10,1085.76
146948,17890,2015/07/16,28.4
146969,10915,2014/09/29,1716.56
147067,16150,2016/12/18,61.23
147137,10645,2016/07/04,3873.81
147221,16030,2017/12/02,1543.1
147228,20335,2017/09/09,1733.79
147235,11920,2014/03/24,124.5
147242,13765,2015/09/10,1740.42
147277,13705,2017/10/20,1913.04
147291,17740,2017/03/11,3404.48
147298,10300,2014/04/26,875.1
147361,20290,2017/09/09,184.85
147368,21295,2016/06/09,1391.4
147375,19180,2016/06/12,3023.94
147417,12415,2016/07/25,7039.88
147501,12640,2015/08/02,20.1
147536,10510,2016/12/26,191.91
147564,11155,2017/10/02,196.48
147606,15745,2014/11/26,147.95
147627,15040,2014/01/20,3215.23
147662,16315,2015/02/14,2660.41
147669,20935,2017/12/25,2115.82
147704,20740,2014/11/16,483.07
147753,19075,2017/03/05,50.12
147760,16555,2017/11/04,6029.4
147788,21010,2015/05/31,10718.22
147830,18385,2015/12/15,6769.94
147851,17470,2015/12/03,43
147914,17470,2014/06/04,100.38
147942,17365,2017/04/01,725.66
147984,14575,2017/01/28,1399.5
148012,16225,2017/12/09,9.83
148040,11275,2014/03/22,1102.74
148054,18565,2017/10/06,790.1
148068,18280,2017/09/18,66.09
148110,10825,2016/09/05,1856.96
148166,18490,2017/10/21,62.48
148201,12145,2016/08/26,23.65
148250,19270,2015/12/13,45.36
148264,17185,2017/12/08,338.23
148334,13570,2016/08/22,21.02
148376,10900,2015/12/27,578.76
148404,13240,2017/10/07,4778.24
148432,18130,2015/11/07,140.39
148446,17845,2017/12/10,6678.4
148474,17320,2017/06/12,1756.17
148488,20005,2014/12/10,542.32
148593,11320,2016/06/16,144.6
148628,16375,2015/12/06,120.05
148635,18025,2015/07/25,2310.86
148691,12460,2017/12/03,223.32
148740,10690,2016/11/15,926.02
148761,19060,2014/05/17,197.1
148768,18775,2017/11/30,269.91
148796,19150,2016/04/14,1343.3
148803,16915,2016/12/11,500.67
148817,16495,2015/12/01,180.92
148838,12340,2014/03/17,11736.91
148901,17905,2016/05/14,1073.27
148915,18370,2014/11/01,415.92
148922,20665,2017/12/10,326.32
148929,20620,2017/09/07,2294.8
148950,16015,2014/12/14,232.22
149020,10780,2014/01/10,168.8
149048,11650,2017/05/13,2221.14
149111,11170,2016/04/17,183.77
149160,15265,2017/11/23,1003.8
149223,13855,2016/09/06,286.56
149244,17530,2014/11/04,56.54
149279,12700,2016/04/24,5776.5
149314,14530,2016/07/02,609.95
149342,21160,2015/04/20,1072.68
149482,19315,2016/11/14,23.24
149489,12835,2017/04/24,217.76
149559,16285,2017/09/11,14675.52
149587,16315,2015/01/31,242.58
149629,17965,2015/07/17,618.05
149643,19510,2014/11/16,794.48
149678,10840,2015/04/13,38.12
149713,21640,2015/09/18,1485.68
149797,10075,2016/09/15,1420.14
149853,18850,2017/10/03,98.15
149881,18535,2017/04/01,10461.24
149888,13915,2017/11/07,1148.36
149902,13540,2016/04/01,302.84
149958,10240,2014/03/15,1639.25
149972,12790,2015/09/21,2491.74
149979,19915,2016/09/23,2145.65
150119,16795,2014/04/23,1934.84
150126,10045,2014/07/27,723.58
150147,15850,2016/04/25,420.94
150161,19795,2015/07/25,171.2
150189,21790,2017/07/08,451.08
150245,18745,2014/12/31,7146.23
150301,18025,2014/07/08,265.28
150343,19075,2016/08/16,26.49
150350,17770,2016/08/23,2591.24
150434,12310,2014/07/19,1953.5
150497,20950,2017/07/20,2226.34
150525,16135,2017/02/20,24.92
150532,19150,2014/07/14,223.65
150567,19855,2016/05/17,201.6
150574,18160,2014/12/19,17.1
150630,21520,2015/09/17,19314.05
150707,13735,2017/10/14,158.13
150791,12430,2015/09/06,923.98
150798,15730,2014/12/01,7335.96
150847,15490,2017/04/30,34.12
150861,13900,2016/12/03,2604.02
150875,14890,2015/11/16,3320.7
150889,19105,2016/03/20,11.99
150931,13390,2017/01/06,105.91
150945,16120,2016/12/18,3450.28
150959,20995,2017/11/11,281.19
150987,10120,2017/04/08,1345
151001,15805,2014/04/05,198.52
151043,17680,2015/11/14,95.96
151078,19840,2014/11/12,257.44
151141,13480,2016/08/20,26.6
151155,10255,2016/12/20,44.26
151295,15970,2014/11/12,1258.11
151316,17635,2017/06/24,66.24
151358,18595,2017/08/18,786.2
151372,15985,2016/09/05,265
151428,19495,2017/09/21,57.33
151512,19975,2016/12/26,53.82
151554,11815,2014/11/14,82.96
151589,19450,2015/12/27,1271.64
151680,21475,2015/11/19,255.52
151708,17305,2014/08/08,443.88
151841,21475,2015/04/27,13.14
151925,16465,2014/09/26,209.26
151995,21910,2014/10/13,5497.03
152002,13465,2017/06/11,278.73
152030,10180,2014/12/26,3059.97
152051,21160,2016/06/25,2754.53
152072,13240,2016/01/15,697
152093,20560,2017/09/10,8134.32
152121,12670,2016/11/27,815.97
152128,18445,2015/05/25,447.86
152142,16990,2017/11/14,937.9
152156,12520,2016/11/08,3598.05
152163,15355,2016/07/01,221.46
152170,14275,2016/11/12,1538.8
152275,16630,2017/10/01,27.24
152289,16930,2016/08/26,4291.62
152296,15100,2014/08/01,59.25
152345,20530,2014/12/29,263.51
152366,20500,2017/04/21,2042.52
152380,15910,2017/11/19,657.24
152408,21220,2016/05/15,23.4
152485,15790,2017/09/04,64.19
152527,12190,2015/10/17,186.9
152534,13105,2016/06/20,163.26
152555,17320,2016/03/29,6461.25
152562,15145,2014/11/01,130.29
152583,19945,2017/10/30,1146.96
152611,16525,2015/02/20,1147.16
152695,12220,2017/12/10,1875.89
152702,20710,2017/10/12,1624.56
152723,14965,2014/09/26,14.01
152737,21505,2017/11/07,1168.36
152807,18100,2017/10/30,2729.83
152835,19855,2016/05/19,72.75
152849,13195,2014/07/05,16.14
152891,21625,2015/10/25,877.95
152912,11650,2017/11/09,8903.54
153038,19645,2015/12/18,451.4
153108,20200,2015/03/05,424.83
153129,14320,2016/12/26,108.45
153150,13600,2014/07/01,56
153220,21895,2015/11/12,62.8
153318,15595,2016/10/25,3998.2
153325,20530,2015/03/01,173.2
153339,13510,2017/11/03,22.38
153346,21355,2016/01/25,97.11
153353,14650,2016/08/18,123.97
153381,13255,2015/09/24,6322.18
153388,19000,2015/08/01,6049.68
153416,21340,2015/11/24,2771.16
153479,13135,2014/10/04,82.35
153500,13300,2015/07/03,2971.27
153577,16330,2016/06/27,182.63
153612,11305,2015/12/22,77.6
153626,13870,2015/07/09,37.41
153654,17860,2017/11/24,71.76
153682,11695,2016/05/30,3779.94
153717,13495,2015/12/25,173.44
153787,10735,2017/05/19,310.9
153815,16555,2016/11/06,1571.88
153906,17980,2015/03/16,171.8
153913,16585,2014/12/16,5648.49
153969,14995,2014/09/21,1116.24
153976,11290,2014/10/03,1248.33
153983,10210,2014/11/29,141.35
154018,14920,2016/10/13,838.75
154039,16120,2017/02/17,124.79
154109,17410,2017/11/06,843.51
154123,20050,2017/11/20,125.02
154186,19285,2014/12/13,6.57
154200,11740,2015/06/18,144.24
154214,21595,2017/03/20,7.45
154326,19855,2015/02/15,2697.5
154340,13795,2015/11/29,160.44
154361,14950,2016/03/14,87.5
154410,17860,2017/10/21,3788
154536,15340,2016/09/05,92.35
154599,16450,2014/04/12,6152.6
154669,21010,2014/08/08,2666.62
154690,12370,2016/08/15,1255.22
154711,21355,2016/11/22,197.93
154718,12865,2017/01/19,9.74
154739,17155,2016/12/10,937.9
154746,18835,2015/11/14,3015.89
154788,15835,2016/04/30,15.9
154795,14470,2015/12/20,51.02
154851,11155,2017/03/30,57.6
154879,20710,2014/05/06,433.56
154921,14035,2015/05/23,485.37
154963,10645,2014/06/22,5973.84
154970,20740,2015/01/05,171.28
155005,20050,2016/06/13,1184.28
155040,10210,2015/11/10,335.58
155047,20110,2017/08/27,10.41
155054,19045,2015/06/13,22.3
155068,19285,2015/10/23,390.59
155075,14605,2017/12/02,2840.28
155089,12910,2017/12/02,258.7
155145,16450,2015/12/27,34.8
155187,16780,2016/09/24,332.31
155208,20650,2014/04/16,219.78
155292,19810,2017/10/30,194.81
155299,13600,2017/06/08,3.24
155306,14515,2015/04/17,5819.3
155334,14920,2015/07/30,713.72
155376,20080,2017/12/22,1958.67
155425,10600,2017/11/10,5897.06
155439,18775,2016/09/14,68.4
155453,19885,2015/08/09,14.96
155460,19630,2017/04/13,4273.24
155481,13225,2016/09/01,224.6
155488,14290,2016/11/13,151.42
155502,20485,2014/01/26,3407.87
155516,17905,2016/10/21,3986.34
155530,12160,2016/12/17,10017.6
155551,12580,2016/04/18,38.04
155558,18895,2017/10/26,51.29
155565,13765,2016/05/28,256.2
155600,19780,2015/12/04,9390.29
155670,14065,2016/08/13,150.57
155698,21745,2017/03/08,5239.84
155705,18385,2017/08/21,3985.44
155761,20800,2015/12/11,700.58
155817,20155,2014/10/03,484.84
155824,16300,2017/03/10,98.94
155845,12235,2016/08/12,9012.08
155852,10945,2014/03/03,62
155873,10255,2017/06/16,998.6
155880,16150,2017/03/25,1566.79
155887,16480,2014/05/12,1650.12
155992,12220,2016/10/01,332.02
155999,15370,2017/08/07,672.31
156083,15175,2017/11/04,38.04
156104,18685,2015/12/06,1999.96
156216,14035,2014/09/13,83.93
156251,21160,2016/08/13,732.23
156314,19390,2014/12/24,132.8
156335,19195,2015/09/25,597.63
156349,17395,2014/05/26,1178.24
156356,18370,2017/04/16,297.8
156377,21625,2015/12/31,112.42
156412,12160,2017/12/04,31.62
156440,17620,2015/12/05,85.94
156482,15100,2015/02/06,8687.45
156503,18415,2016/10/14,783.36
156524,12865,2015/11/20,72.03
156559,16900,2014/08/19,5749.38
156573,19360,2016/05/29,170.97
156587,10015,2014/03/07,972.3
156594,17845,2014/12/20,557.35
156601,14230,2014/09/19,30.42
156685,20230,2016/07/08,152.37
156769,14470,2017/05/06,255.06
156811,11095,2016/10/27,269.55
156818,16015,2017/07/11,565.74
156867,16870,2015/11/13,290.01
156951,13840,2017/10/01,2900.77
156986,21910,2016/03/20,452.31
156993,19630,2014/06/28,28.27
157000,10360,2016/07/16,193.08
157014,11785,2015/10/03,327.61
157021,16720,2014/04/01,68.36
157035,16600,2015/12/09,74.85
157084,15160,2015/12/19,4055.75
157091,13405,2017/06/26,2035.6
157133,16885,2015/11/28,1291.65
157147,11605,2014/01/13,5227.17
157245,16810,2016/05/19,1316.02
157252,12805,2017/01/20,513.84
157266,21280,2016/05/26,308.51
157308,18520,2016/08/17,44.68
157322,19600,2015/07/02,4157.61
157336,20500,2016/12/01,2722.32
157385,20095,2014/11/23,1840.59
157406,13450,2014/04/25,41.52
157483,13915,2017/11/11,1273.02
157511,20365,2016/09/18,569.34
157609,16705,2014/03/16,1061.82
157623,13225,2014/03/14,21.68
157651,14920,2017/12/10,54.67
157721,16195,2014/09/02,142.31
157749,16645,2016/06/04,1891.02
157763,16330,2016/07/18,627.61
157770,19585,2015/12/13,144.49
157784,17845,2014/07/05,1721.43
157812,13210,2015/03/22,194.07
157833,16345,2017/06/17,153.93
157854,13345,2017/04/08,4628.46
157868,17590,2016/12/23,124.25
157882,10405,2014/10/03,143.43
157896,12415,2017/11/16,342.57
157924,14920,2014/10/11,867.14
157931,17800,2017/09/17,2091.32
157945,18385,2016/09/26,26.04
157980,20395,2017/12/07,447.94
157987,10615,2017/09/02,7255.25
158029,14995,2014/05/26,1255.22
158036,13555,2017/09/08,9.1
158057,12685,2014/03/22,602.83
158064,10375,2014/04/21,81.55
158099,18910,2016/09/03,7367.29
158106,11995,2017/06/04,19.56
158218,10420,2017/05/12,831.36
158246,15400,2017/11/09,561.54
158274,19675,2014/11/19,2535.24
158337,16525,2014/03/11,692.72
158344,12475,2017/08/07,255.84
158372,19900,2014/11/10,923.45
158379,15970,2017/09/22,17900.28
158386,11425,2017/10/16,345.15
158407,16990,2017/06/04,242.7
158435,10900,2016/05/17,754.98
158456,16465,2015/12/24,157.96
158505,20200,2017/07/21,72.12
158512,13450,2017/01/12,225.66
158554,12190,2015/11/09,37.59
158568,19465,2016/08/29,771.77
158575,20290,2016/11/18,363.9
158638,10765,2014/09/17,44.68
158673,16600,2017/12/29,612.32
158708,10255,2016/06/26,27.24
158729,10450,2017/12/19,4996.86
158743,15085,2017/10/20,496.99
158771,20290,2014/05/09,777.36
158792,11605,2015/12/26,84.35
158834,21025,2016/03/13,1653.12
158876,10150,2017/11/19,696.34
158883,11860,2017/06/02,88.68
158946,15220,2017/11/18,213.71
159107,16480,2017/06/24,7.1
159142,17320,2016/04/04,536.67
159184,15775,2014/09/14,478.75
159205,12910,2017/03/31,4043.28
159212,16375,2016/11/01,49.04
159310,20725,2014/11/07,2542.88
159345,15085,2016/06/17,559.8
159352,16585,2017/03/12,279.72
159373,17110,2016/03/13,3308.88
159380,12505,2015/05/12,97.56
159457,19480,2017/10/19,56.97
159464,21355,2017/05/18,1507.31
159478,17785,2014/09/30,56.76
159520,14635,2014/06/06,2049.55
159597,17590,2017/11/09,322.45
159604,12700,2017/04/14,28.02
159730,20125,2016/09/17,171.56
159737,11950,2016/09/03,129.9
159835,19330,2014/11/17,3177.11
159856,13915,2016/10/18,856.4
159863,13180,2015/09/04,470.31
159884,15490,2017/08/31,52.82
159912,14530,2016/08/29,1646.31
159926,11950,2014/11/18,18.66
159940,11020,2016/07/07,1530.01
159982,12880,2015/11/28,72.72
159989,13870,2016/12/09,122.04
160045,16735,2017/04/26,17.72
160059,21190,2015/11/27,14.76
160066,10075,2014/11/16,15.66
160087,13780,2017/03/18,98.88
160129,17200,2016/11/23,427.3
160150,21085,2015/07/19,17.89
160157,17455,2014/12/20,644.1
160213,10825,2015/03/08,60.27
160262,21205,2014/06/09,293.52
160304,11575,2016/01/02,1144.09
160395,16555,2016/12/31,567.49
160416,10180,2017/11/13,721.4
160423,19045,2017/01/21,1949.92
160444,12850,2014/07/05,2199.2
160472,19300,2015/07/20,502.79
160500,13015,2016/05/05,1949.75
160514,13120,2017/11/12,35.28
160528,18115,2016/08/23,6959.58
160696,12760,2015/09/06,18.1
160745,10825,2016/12/11,2905.68
160759,10855,2017/12/11,104.63
160773,16825,2014/07/01,49.14
160780,20785,2014/06/21,293.58
160794,17980,2015/08/06,74.85
160983,14530,2017/10/29,178.4
161018,18775,2017/11/09,437.57
161053,15745,2017/09/22,2907.64
161095,12250,2016/06/28,118.21
161193,11680,2017/11/20,313.65
161200,20365,2017/08/06,580.89
161207,10060,2016/08/29,119.16
161214,20965,2015/10/05,321.8
161263,21160,2015/04/16,926.07
161396,14455,2016/04/19,2758.15
161473,21175,2016/04/01,138.36
161480,19285,2017/12/25,765.52
161613,17605,2014/12/01,1974.03
161662,11410,2016/02/07,108.76
161669,14095,2016/11/07,362.92
161683,12010,2016/12/03,2036.48
161718,20335,2015/12/04,2304.83
161781,12100,2016/09/29,177.1
161809,21100,2017/01/20,482.34
161816,18655,2016/04/28,1247.31
161823,10300,2017/09/03,16.98
161844,12835,2016/12/09,198.95
161956,12880,2017/08/27,6166.88
161984,20125,2017/04/10,46.4
161991,20725,2015/09/26,4750.05
162082,15880,2016/03/14,504.84
162103,16795,2016/11/13,32.4
162138,14620,2016/04/23,891.94
162208,20620,2017/08/27,8.83
162278,10585,2014/10/26,2879.42
162313,21745,2016/11/27,687.72
162362,15505,2014/11/14,59.88
162369,21265,2015/08/15,786.2
162404,18475,2016/07/23,108.44
162481,11995,2017/09/25,594.16
162537,19585,2015/10/28,145.1
162565,19315,2017/12/11,2376.8
162572,19360,2017/09/25,568.78
162621,12055,2015/09/05,205.4
162635,14170,2017/10/09,48.68
162677,13210,2016/03/26,641.65
162691,10045,2017/08/01,7213.94
162726,17815,2016/12/27,102.12
162733,21070,2016/05/11,11.96
162775,12250,2014/01/13,5156.67
162859,18820,2016/02/15,33.48
162866,12640,2014/12/27,110.04
162901,10045,2016/03/28,94.2
162929,10135,2017/11/19,157.38
162978,16990,2017/05/04,2090.71
163020,17800,2017/09/15,132.44
163034,12985,2014/11/24,1965.5
163055,13180,2015/08/09,3250.08
163090,14665,2015/11/17,358.05
163125,17305,2017/10/09,1194.36
163139,12670,2017/12/01,809.37
163153,12955,2016/03/21,175.29
163160,21610,2017/10/13,717.29
163167,19345,2016/11/28,8522.94
163195,16840,2017/02/17,145.8
163293,16255,2014/09/08,293.56
163321,14380,2017/08/07,315.96
163384,12430,2016/11/10,141.8
163398,12415,2016/05/03,316.2
163419,21580,2014/11/11,3872.22
163510,15955,2017/12/25,416.64
163531,20725,2017/06/26,611.91
163552,16780,2014/07/11,4162.11
163559,20530,2014/09/23,431.37
163587,13915,2015/03/14,2606.2
163685,16420,2015/06/01,307.8
163692,13240,2017/09/07,40.92
163762,15475,2015/11/27,98.88
163783,12940,2015/12/27,58.59
163790,18310,2017/11/02,6591.38
163881,20860,2016/11/24,5955.78
163895,18640,2015/08/07,11.15
163902,17380,2017/03/02,1567.8
163979,16690,2017/12/28,2957.76
163986,15445,2016/09/03,218
164042,16645,2017/05/23,34.29
164049,16630,2017/11/02,166.95
164091,16780,2016/09/17,1576.28
164147,13585,2017/02/02,395.58
164154,18565,2016/09/11,259.02
164168,16975,2017/11/12,1064.46
164210,19240,2014/11/18,690.54
164224,21070,2014/05/18,811.44
164259,20860,2014/12/28,565.08
164308,20680,2015/09/24,4438.44
164329,17920,2017/01/30,749.94
164336,18220,2015/07/05,285.69
164350,12040,2016/09/10,202.68
164357,20065,2015/11/25,65.6
164364,12355,2017/11/12,142.47
164427,10405,2015/07/31,1006.74
164441,10450,2015/11/08,429.22
164448,12835,2015/10/31,2000.96
164469,14620,2014/06/25,1172.54
164483,15490,2016/01/30,25.08
164511,13630,2016/11/19,324.25
164539,19180,2015/11/16,1297.65
164588,10915,2016/04/16,43.65
164616,17770,2014/08/19,914.08
164630,13975,2016/01/04,2559.88
164637,19480,2016/03/04,449.4
164721,16825,2014/11/25,1387.88
164735,21400,2016/04/14,215.15
164784,14995,2016/05/01,1965.08
164819,19420,2017/10/15,39.15
164826,15415,2017/12/28,531.65
164833,16840,2015/06/04,42.16
164882,20080,2015/10/31,3738.21
164896,19045,2016/11/07,39.34
164917,17905,2017/12/02,308.7
164938,19210,2016/02/11,304.15
164973,18445,2014/11/04,9552.08
165029,10075,2017/11/26,38.52
165050,10210,2015/12/07,2399.22
165057,20725,2015/09/11,770.67
165078,17995,2016/11/05,697.74
165085,11485,2015/12/27,1174.66
165148,19135,2016/10/22,102.05
165169,15235,2016/06/05,1013.23
165204,17935,2017/11/13,3450.28
165218,19630,2016/03/05,528.4
165309,16270,2014/11/11,10565.97
165316,15400,2016/07/23,198.82
165344,20290,2017/11/13,4683.2
165379,11650,2014/07/09,76.23
165386,12190,2017/08/03,694.18
165414,17245,2015/12/21,131.94
165428,15130,2014/09/01,202.05
165449,10720,2015/11/22,108.68
165491,14935,2017/03/20,1329.65
165540,21010,2014/02/21,66.35
165603,20140,2017/10/17,195.78
165624,14350,2015/08/23,4121.86
165659,17110,2014/06/01,2786.91
165687,12355,2017/11/17,133.14
165757,18925,2017/06/22,344.76
165841,13210,2017/12/21,791.32
165848,13780,2016/06/04,305.49
165862,14620,2014/07/13,2063.4
165953,13915,2016/12/31,263.87
165974,12865,2014/06/29,141.96
166128,17215,2017/04/11,1003.49
166135,20440,2015/10/01,563.48
166142,17260,2017/07/15,815.91
166163,12745,2016/08/15,313.57
166191,13150,2014/12/05,2347.31
166198,15955,2017/04/21,406.5
166226,21535,2016/11/18,53.54
166296,16285,2017/03/13,1100.91
166317,15610,2017/09/22,1101.5
166415,17725,2017/02/19,52.35
166436,21370,2017/11/24,3136.98
166443,17020,2016/11/04,122.5
166457,19120,2014/05/05,37.68
166464,18895,2015/09/12,1317.22
166471,17650,2014/08/09,794.48
166485,10210,2016/02/20,33
166520,16420,2015/07/16,250.71
166576,15865,2017/05/16,773.58
166611,12760,2017/03/28,687.42
166674,19360,2016/04/01,1078.17
166709,15040,2017/11/17,32549.91
166849,20125,2017/04/20,88.8
166863,20020,2014/06/20,4467.49
166884,12205,2014/03/11,186.73
166954,11305,2014/04/25,6051.09
166989,19675,2014/11/14,281.22
167003,21820,2017/05/23,492.45
167010,21700,2015/04/05,2705.56
167094,12835,2017/10/21,1494.03
167101,11650,2017/03/24,921.48
167150,11185,2017/12/10,260.9
167164,10270,2014/05/13,259
167220,15925,2015/12/12,89.48
167262,10450,2014/10/31,5938.64
167290,15295,2016/10/30,45.78
167339,20995,2016/01/21,3659.81
167360,19435,2014/11/24,745.22
167381,14005,2017/09/22,110.88
167507,20830,2016/12/22,93.03
167556,15250,2016/03/29,212.14
167584,16870,2016/08/12,17.1
167633,11200,2014/09/30,44.7
167661,18175,2017/10/05,211.72
167668,21295,2017/05/06,204.24
167703,17575,2017/02/03,1332.75
167738,16105,2014/12/24,554.29
167745,14530,2015/09/18,151.14
167752,19690,2017/01/15,34.38
167759,12670,2016/03/03,269.7
167850,10525,2014/08/09,663.22
167871,10870,2017/11/18,113.65
167899,15805,2017/05/21,53.91
167941,15565,2017/11/06,1351.7
168004,13420,2015/10/04,916.86
168081,12055,2016/04/24,1115.61
168102,12340,2017/04/24,525.24
168109,15640,2017/07/03,203.92
168116,14635,2017/11/04,32518.98
168123,16060,2017/03/05,1940.18
168130,11365,2014/09/19,4393.27
168193,19750,2017/03/06,105.52
168228,10915,2017/04/27,602.25
168354,19510,2016/09/19,6008.37
168396,11725,2017/08/03,562.35
168459,17275,2015/11/22,259.28
168480,12955,2015/09/21,752.24
168494,18700,2014/12/12,21687.27
168536,20800,2016/12/20,282.87
168564,21220,2015/08/08,545.13
168592,13390,2014/09/08,288.96
168620,19795,2016/12/24,4011.33
168641,16525,2017/11/24,1572.45
168655,18040,2017/10/12,2171.75
168690,21085,2017/01/07,22.14
168732,16660,2015/12/10,99.62
168746,20365,2015/01/27,5047.53
168753,19615,2016/05/29,3998.2
168767,12955,2015/04/10,17.1
168823,17560,2014/09/21,142.89
168858,16150,2017/11/19,39.06
168893,10915,2016/11/03,2578.62
168900,20395,2017/05/04,22.13
168956,14035,2016/02/16,231
168984,18400,2014/11/26,1588.96
169026,12655,2016/08/08,70.02
169033,16720,2014/03/30,164.8
169040,14710,2016/12/06,4705.87
169103,21910,2016/03/08,290.01
169194,16900,2016/06/20,148.04
169201,14965,2015/09/28,128.52
169215,19450,2016/07/14,128.25
169264,18700,2017/08/14,123.38
169285,19690,2017/03/21,12.02
169320,16900,2017/07/23,21.02
169397,15925,2015/12/24,546
169726,15985,2014/08/09,7792.19
169775,19945,2014/08/29,3038.16
169789,17665,2014/12/30,5565.85
169810,19360,2017/07/25,91
169817,13870,2017/09/21,3.18
169859,18175,2017/12/14,637.57
169894,17485,2017/11/24,2834.52
169922,17515,2016/06/11,97.6
169943,11515,2016/05/19,2952.16
169957,20710,2016/09/26,333.32
169971,15100,2016/09/04,220.59
169978,15025,2017/12/24,759.18
