order_id,product_id,quantity
100006,10002075,3
100013,10001219,2
100013,10001424,1
100013,10001022,2
100041,10001622,2
100041,10000418,3
100041,10000343,1
100048,10001154,6
100048,10003012,2
100048,10001606,3
100153,10001772,4
100160,10002475,5
100202,10002563,3
100209,10002012,2
100216,10000788,6
100216,10002968,3
100223,10003429,9
100223,10000232,3
100223,10004492,1
100244,10001471,9
100244,10000940,4
100244,10002319,2
100244,10000977,2
100279,10002259,2
100314,10000461,4
100314,10003066,3
100328,10000343,1
100335,10001685,9
100363,10000611,2
100363,10004733,3
100377,10001046,5
100384,10002135,8
100384,10003514,9
100405,10000390,2
100419,10002194,3
100426,10002870,2
100454,10004648,3
100454,10001519,4
100468,10001300,2
100468,10000008,2
100482,10001325,2
100524,10004018,2
100524,10002549,3
100524,10004911,8
100531,10001670,2
100573,10000461,2
100601,10002486,7
100650,10001780,2
100685,10003094,2
100685,10003472,4
100685,10001289,3
100720,10001425,3
100720,10001574,2
100748,10000240,8
100769,10002402,4
100790,10003045,5
100790,10000689,5
100811,10001204,2
100811,10002444,4
100839,10004575,5
100853,10000891,2
100853,10003148,4
100888,10001019,3
100895,10004511,2
100895,10001425,3
100895,10001490,2
100930,10001705,2
100930,10003473,3
100930,10001679,2
101007,10001266,2
101042,10000088,2
101049,10004415,5
101049,10001510,6
101077,10004239,2
101091,10003280,2
101091,10001107,6
101182,10001800,2
101182,10003589,3
101210,10003560,2
101210,10000130,1
101245,10003129,5
101245,10001284,8
101308,10002780,3
101308,10003800,2
101336,10003455,5
101336,10000876,2
101336,10003582,5
101336,10004258,3
101343,10003479,2
101378,10002345,2
101385,10004441,4
101399,10002918,7
101434,10002402,3
101434,10003223,2
101448,10004738,3
101476,10000027,1
101483,10002833,3
101497,10000176,1
101511,10004698,7
101511,10002189,5
101539,10004180,1
101546,10001359,2
101581,10002607,5
101602,10000169,3
101630,10004425,3
101630,10001664,3
101707,10001218,3
101707,10002968,5
101707,10000134,1
101728,10002393,2
101749,10001520,3
101798,10000050,4
101798,10001998,2
101910,10002647,5
101924,10000962,2
101931,10004140,2
101931,10000646,2
101931,10001337,6
101938,10003696,1
101966,10003437,7
101987,10001305,9
102008,10004092,1
102036,10003123,6
102071,10000109,3
102085,10002475,4
102099,10003172,2
102099,10000289,5
102162,10001943,8
102267,10000611,2
102274,10004359,6
102274,10001511,3
102274,10002833,3
102281,10002613,4
102281,10000061,8
102281,10002545,3
102281,10003514,5
102288,10004655,1
102288,10002906,1
102288,10000740,8
102337,10002564,2
102407,10000122,2
102407,10003748,9
102414,10004465,2
102414,10002333,3
102456,10004336,3
102491,10000864,7
102491,10003289,4
102519,10001772,9
102554,10001919,2
102582,10003569,2
102582,10003187,3
102638,10002988,3
102673,10003021,5
102673,10001771,12
102673,10004434,9
102715,10001332,3
102715,10000029,2
102715,10001874,7
102722,10003116,6
102750,10000198,3
102771,10001536,5
102792,10004757,3
102834,10001908,2
102869,10000788,3
102869,10002134,6
102869,10002456,3
102869,10002549,1
102890,10000577,5
102932,10000756,6
102932,10000381,3
102946,10004492,3
102981,10004761,2
102981,10001811,3
102988,10004757,7
102988,10003349,2
102988,10000127,7
102988,10002881,5
103100,10003720,1
103100,10004600,3
103156,10000320,9
103163,10003305,1
103163,10004000,1
103205,10004896,5
103226,10002666,3
103247,10003555,7
103247,10004492,3
103366,10003628,5
103380,10003856,2
103380,10001492,1
103401,10003309,2
103471,10002613,7
103471,10003405,3
103499,10001482,2
103590,10004007,4
103646,10000563,4
103646,10004487,3
103646,10002854,8
103702,10002429,7
103723,10003251,5
103730,10002157,3
103730,10003910,4
103730,10000777,6
103730,10002500,9
103730,10003875,7
103793,10001125,3
103828,10001325,3
103828,10004249,7
103828,10000588,3
103828,10000946,4
103849,10001465,2
103849,10000723,4
103877,10003650,3
103891,10000149,6
103905,10001098,7
103940,10000943,3
103940,10004671,2
103940,10002735,5
103947,10003112,5
103961,10004484,6
103996,10001736,6
103996,10001609,3
103996,10003116,3
104003,10003965,2
104066,10001013,7
104080,10003876,5
104129,10003800,2
104129,10004152,7
104157,10000321,1
104157,10004915,8
104220,10001036,2
104220,10004614,3
104220,10000301,5
104220,10003910,1
104220,10004648,2
104269,10004063,2
104283,10004337,5
104283,10001039,1
104283,10000109,4
104346,10003450,4
104346,10001545,3
104346,10004396,4
104346,10002456,9
104346,10000849,5
104346,10003256,3
104381,10001628,4
104430,10000301,4
104472,10001658,3
104472,10000243,6
104514,10001837,2
104514,10004285,3
104626,10001510,5
104626,10003817,1
104626,10000306,2
104626,10003208,6
104640,10003925,3
104647,10002870,6
104738,10004955,3
104738,10002468,2
104738,10003628,2
104745,10002036,5
104745,10002205,3
104773,10000777,2
104780,10003514,8
104794,10001754,2
104801,10001547,3
104941,10004269,6
104941,10001249,3
104941,10004202,3
104941,10003363,5
104955,10003121,7
104969,10004224,6
105018,10001890,2
105046,10004536,2
105053,10001634,3
105074,10002666,3
105102,10004709,1
105144,10003923,2
105172,10001641,6
105214,10000015,7
105214,10001776,2
105221,10002323,2
105221,10001135,2
105235,10001487,3
105235,10001271,5
105284,10001754,3
105340,10001765,1
105347,10003045,5
105389,10004364,3
105410,10004970,6
105410,10000038,6
105410,10002926,4
105445,10001229,3
105480,10003291,1
105494,10002205,7
105494,10003364,3
105578,10001670,2
105578,10001658,2
105578,10000831,3
105578,10000355,1
105585,10002983,3
105585,10003625,5
105599,10002486,2
105599,10003837,3
105627,10002916,3
105627,10002084,7
105627,10003012,5
105627,10002704,1
105627,10000306,6
105634,10001573,5
105690,10003965,2
105690,10000240,2
105690,10001571,1
105725,10003510,2
105725,10001676,1
105760,10000350,2
105767,10000848,2
105767,10003092,2
105809,10004090,1
105816,10000302,7
105816,10002447,5
105851,10002881,2
105886,10001037,2
105893,10004186,6
105900,10002656,5
105914,10002854,5
105914,10003716,7
105970,10003156,1
105970,10001532,6
105984,10000560,5
105984,10000847,3
106033,10002818,4
106068,10000962,3
106068,10004507,1
106068,10002942,1
106068,10002344,4
106131,10003027,7
106180,10000940,3
106180,10004030,3
106180,10004327,3
106229,10002041,3
106264,10002189,3
106264,10001852,2
106306,10003676,3
106320,10000577,3
106334,10004886,3
106341,10002053,3
106376,10002726,4
106383,10002202,1
106439,10002975,3
106439,10003996,5
106439,10002571,2
106439,10001963,4
106439,10003833,3
106439,10004568,9
106439,10001419,3
106530,10002011,3
106530,10004451,2
106530,10000649,2
106530,10001465,2
106537,10000223,4
106558,10001142,4
106565,10000061,8
106663,10002759,3
106663,10000688,1
106677,10003187,2
106719,10002799,2
106803,10002444,2
106810,10004306,2
106831,10003429,2
106831,10001700,4
106852,10001639,6
106859,10000615,8
106859,10001534,7
106859,10001815,6
106894,10003063,4
106894,10001045,3
106943,10003669,2
106964,10000317,2
106978,10004483,1
106978,10002012,2
106978,10003021,3
106992,10003353,7
107125,10001989,7
107125,10000732,3
107139,10001670,6
107153,10001321,3
107167,10003805,8
107181,10004230,3
107181,10000350,4
107202,10000112,10
107216,10001545,4
107216,10000206,3
107216,10001013,1
107216,10002255,3
107272,10002974,7
107293,10003732,1
107328,10004487,6
107349,10001765,6
107440,10001047,7
107440,10000550,2
107440,10002432,5
107454,10004018,6
107461,10002003,6
107594,10000716,1
107615,10001013,2
107636,10003388,2
107699,10001249,9
107720,10001414,3
107727,10000249,3
107748,10003215,4
107748,10002005,2
107755,10000710,7
107818,10003045,2
107818,10000454,5
107818,10000377,8
107832,10001658,1
107909,10001998,1
107909,10003476,5
107916,10001116,3
107937,10002298,6
108063,10001446,3
108070,10001337,1
108091,10000255,4
108098,10000865,3
108112,10003553,4
108189,10000735,2
108189,10001760,2
108189,10004846,6
108189,10001557,3
108189,10003038,1
108245,10001415,3
108245,10000773,7
108273,10000029,7
108273,10002116,2
108434,10002615,3
108441,10000697,4
108441,10000848,3
108441,10004691,3
108455,10002464,7
108455,10002214,3
108504,10002344,1
108504,10001289,9
108504,10000053,5
108504,10004015,2
108504,10000215,3
108504,10003645,3
108504,10000355,3
108504,10003892,7
108553,10000026,2
108553,10002573,7
108560,10001107,2
108560,10003063,2
108567,10004140,2
108574,10003555,7
108581,10001109,4
108581,10000809,2
108616,10000420,3
108616,10001989,3
108644,10000343,2
108665,10000965,3
108707,10000788,2
108777,10003982,3
108777,10002567,6
108868,10001953,2
108868,10000923,5
108882,10000420,5
108882,10002726,9
108966,10000577,5
108966,10000760,2
108987,10004834,4
108987,10000934,4
108987,10000158,2
109036,10002043,3
109057,10002406,2
109162,10002647,3
109176,10001955,5
109218,10001374,5
109232,10000421,6
109253,10000203,4
109253,10004667,4
109253,10000193,4
109253,10000962,9
109253,10001158,5
109344,10002624,3
109365,10001561,7
109365,10002998,2
109365,10002071,2
109365,10004359,3
109407,10000285,4
109470,10004492,3
109470,10001072,4
109470,10003707,5
109470,10000977,12
109484,10004738,1
109491,10001284,3
109491,10000221,4
109512,10002621,3
109512,10000689,4
109575,10004123,7
109575,10000730,1
109575,10000895,7
109575,10000962,4
109589,10003116,4
109638,10002472,4
109638,10004571,9
109638,10001098,3
109701,10004187,6
109701,10000632,2
109701,10002765,3
109701,10001868,6
109708,10001944,4
109736,10004101,7
109757,10001634,2
109757,10000007,4
109778,10003759,2
109806,10004930,3
109806,10000304,1
109820,10000955,3
109820,10003460,2
109869,10000021,5
109869,10000315,5
109911,10001662,4
109939,10000127,2
109946,10001419,5
109960,10001860,5
109960,10001636,4
109960,10000349,3
110016,10000349,4
110016,10002880,9
110023,10001036,2
110030,10002759,3
110044,10001299,3
110093,10000173,2
110093,10000171,2
110156,10000642,6
110156,10000206,2
110156,10003676,5
110156,10003495,12
110156,10003589,5
110156,10004735,2
110156,10002609,2
110163,10001683,1
110170,10000780,7
110184,10000107,9
110184,10000439,8
110254,10002573,2
110254,10004484,1
110254,10001591,9
110254,10002034,2
110352,10003923,2
110373,10003045,3
110373,10001536,2
110380,10000422,3
110408,10001522,3
110408,10003774,6
110457,10001768,3
110478,10001573,4
110499,10002095,3
110527,10000262,8
110569,10001036,7
110576,10004154,12
110576,10000788,3
110576,10002479,6
110604,10000076,2
110604,10002017,2
110604,10004287,1
110632,10000387,1
110632,10001291,2
110639,10003936,4
110639,10004530,4
110667,10000716,2
110667,10004622,2
110667,10002735,3
110667,10003529,4
110674,10000225,2
110772,10002983,7
110772,10004689,8
110772,10004709,3
110786,10000550,5
110786,10000528,4
110786,10003305,3
110786,10001425,3
110786,10001474,9
110786,10000672,6
110842,10000520,3
110842,10000977,5
110849,10002859,4
110849,10002375,4
110849,10000657,5
110849,10000133,2
110884,10003669,6
110884,10003510,3
110905,10003669,3
110905,10004785,3
110905,10003023,5
110905,10002217,6
110905,10002954,3
110905,10002586,5
110905,10000025,3
110905,10003281,2
110926,10000624,7
110947,10001670,3
110996,10003956,5
111003,10001072,3
111003,10002135,6
111010,10003472,6
111024,10000173,4
111024,10002041,2
111024,10002246,6
111059,10004593,2
111059,10002827,3
111094,10001609,2
111094,10001597,3
111115,10000624,6
111150,10000034,7
111150,10000290,7
111164,10002473,3
111164,10004487,5
111199,10001790,3
111234,10002271,3
111290,10004975,1
111290,10001761,5
111325,10000343,3
111325,10002257,6
111332,10001953,3
111332,10001374,4
111332,10003816,4
111332,10001843,3
111332,10000657,10
111374,10004970,4
111395,10000994,4
111395,10001291,2
111416,10002026,5
111423,10003091,5
111451,10001891,3
111451,10002918,3
111451,10004593,5
111451,10004854,3
111493,10004510,6
111500,10000829,4
111500,10002676,7
111500,10000844,4
111507,10001315,3
111514,10002545,7
111514,10002735,5
111514,10000597,3
111556,10003159,2
111556,10001459,3
111556,10004602,3
111647,10002726,4
111682,10000604,6
111682,10003968,5
111682,10000587,2
111682,10002167,2
111682,10001460,4
111682,10001868,1
111689,10003984,3
111689,10004287,5
111696,10002751,3
111703,10000349,3
111703,10003349,3
111745,10003911,1
111808,10004656,5
111815,10000785,1
111815,10002926,2
111829,10000142,3
111829,10001766,7
111829,10004359,2
111913,10002275,2
111913,10003291,3
111913,10000343,3
111920,10003179,4
111927,10002571,2
111990,10003291,6
112014,10003156,5
112025,10002353,3
112039,10000984,3
112102,10000100,1
112102,10002500,5
112109,10001505,7
112109,10001634,4
112109,10004287,3
112116,10001039,2
112123,10001071,7
112123,10001557,5
112123,10001977,3
112130,10003266,2
112130,10003622,7
112130,10001542,3
112130,10002965,6
112130,10000563,3
112158,10003628,4
112158,10003272,5
112158,10000050,8
112200,10002571,5
112326,10003223,3
112326,10002743,3
112326,10004094,2
112333,10001780,4
112333,10001962,5
112375,10003237,6
112389,10000419,3
112389,10001626,3
112403,10003529,1
112452,10000735,2
112452,10003350,2
112452,10000307,1
112452,10004202,2
112487,10000494,2
112508,10002287,2
112515,10000829,3
112515,10003712,3
112515,10000062,3
112515,10003404,3
112515,10001272,2
112515,10001175,5
112529,10002622,6
112529,10001915,4
112536,10003712,7
112536,10002571,1
112536,10004835,2
112564,10004876,3
112613,10001536,4
112697,10000778,7
112697,10002684,2
112697,10000646,5
112718,10000591,1
112725,10003759,7
112725,10001227,3
112725,10000863,1
112753,10004015,9
112753,10002036,6
112809,10002276,3
112809,10001098,5
112809,10001636,4
112865,10000387,3
112872,10002205,3
112872,10003238,1
112914,10003270,8
112914,10003272,2
112914,10002982,2
112928,10002287,5
112942,10004092,3
112956,10000357,5
112956,10003976,2
112956,10004960,4
112977,10003272,1
113047,10002763,3
113061,10003975,2
113110,10000088,2
113110,10000240,2
113110,10001165,4
113110,10002749,6
113138,10003770,6
113138,10000317,3
113145,10002659,4
113145,10000965,5
113145,10001527,1
113173,10000604,9
113173,10004738,3
113243,10001297,2
113243,10004256,4
113320,10001706,3
113327,10003790,1
113327,10003628,7
113355,10004912,5
113355,10002602,3
113404,10003312,6
113418,10002428,11
113474,10004206,2
113481,10002178,2
113509,10004855,3
113516,10002225,2
113516,10001989,4
113530,10002647,12
113530,10001315,2
113530,10000122,1
113530,10001465,1
113558,10003379,3
113558,10001756,3
113579,10001457,6
113621,10001270,2
113621,10003931,3
113628,10003291,2
113628,10002799,3
113628,10003298,5
113628,10000441,1
113628,10004477,3
113649,10000130,9
113649,10002518,4
113670,10001705,3
113747,10003373,6
113803,10001994,1
113852,10003027,3
113901,10001249,6
113901,10002564,5
113929,10003286,5
113929,10003772,4
113929,10002852,3
113971,10001852,6
114055,10004381,2
114055,10003059,2
114055,10000994,6
114055,10002890,2
114069,10000317,2
114069,10000349,2
114104,10002475,2
114104,10004536,7
114174,10003450,3
114174,10000248,4
114188,10000124,4
114188,10004511,9
114188,10000076,7
114258,10003012,4
114293,10003833,4
114300,10001891,3
114433,10002800,3
114468,10004231,4
114468,10000809,2
114468,10003021,8
114468,10000696,2
114489,10000215,11
114489,10001448,3
114489,10000454,8
114489,10002735,5
114510,10004877,12
114510,10003221,2
114510,10003007,2
114517,10001676,2
114524,10002799,13
114622,10004716,2
114636,10001790,5
114643,10003631,3
114713,10004664,7
114727,10004967,3
114727,10002292,2
114727,10000689,3
114776,10004100,3
114888,10003355,3
114888,10001212,3
114923,10003931,3
114951,10002364,3
114972,10001190,2
114972,10004545,7
114972,10003057,4
115091,10000658,4
115091,10000696,2
115161,10003966,2
115175,10001878,5
115259,10000621,14
115259,10002504,6
115336,10001107,5
115357,10000023,3
115364,10002486,12
115455,10004671,2
115455,10003569,3
115476,10000673,2
115476,10000962,2
115504,10003953,2
115511,10002598,2
115511,10002225,4
115525,10000026,5
115546,10002834,3
115546,10002214,2
115588,10001225,5
115588,10001558,3
115602,10001708,9
115602,10000891,13
115602,10000462,2
115651,10001130,5
115651,10000055,9
115742,10004410,6
115742,10002762,6
115742,10001706,2
115742,10003061,1
115756,10000243,1
115756,10000060,3
115756,10003058,3
115756,10002372,3
115756,10001317,7
115791,10004614,3
115791,10001575,2
115791,10001074,3
115798,10001560,7
115798,10004467,3
115798,10001819,2
115812,10001487,7
115812,10002833,4
115812,10002275,6
115812,10003910,3
115812,10002892,5
115812,10002033,4
115819,10004700,5
115819,10000823,3
115819,10004456,5
115819,10000050,1
115819,10000591,3
115917,10004728,4
115931,10000367,3
115931,10001300,4
115931,10000876,3
115931,10001404,5
115938,10001543,4
115938,10001321,1
115938,10001132,8
115938,10003199,3
115945,10004062,2
115945,10004330,3
115945,10001963,3
115973,10004757,1
115980,10003709,3
115980,10000302,3
115987,10001071,4
115994,10000580,3
115994,10003976,3
116092,10004285,2
116092,10001628,5
116092,10000546,5
116092,10001391,6
116204,10001759,7
116225,10001432,5
116232,10001158,2
116239,10001370,5
116344,10001713,2
116358,10003495,3
116358,10004685,6
116400,10003731,4
116407,10001315,3
116407,10002118,2
116407,10002137,4
116519,10000828,5
116540,10002676,1
116540,10004970,2
116547,10000076,4
116645,10001044,6
116687,10000443,3
116687,10001750,3
116715,10004340,9
116715,10004475,2
116729,10002005,7
116729,10001465,7
116736,10003628,1
116750,10004728,5
116757,10002005,5
116757,10002815,6
116834,10002942,5
116855,10003846,5
116904,10004888,5
116904,10001120,5
116904,10000301,2
116932,10002067,5
116932,10004175,1
116974,10004897,4
117016,10001374,3
117023,10004062,10
117044,10000936,4
117058,10004139,6
117135,10002033,1
117135,10002444,3
117163,10003692,1
117163,10003179,4
117170,10001109,2
117184,10002250,3
117212,10004532,4
117212,10004447,8
117212,10003973,3
117240,10000848,3
117247,10002958,5
117247,10001676,3
117261,10000419,4
117282,10004094,2
117331,10003984,1
117345,10000240,3
117345,10000629,4
117345,10001005,1
117394,10000199,4
117415,10002545,3
117415,10000486,4
117429,10000222,5
117457,10000158,5
117457,10002041,7
117457,10002893,1
117457,10003766,9
117457,10003956,2
117485,10004659,4
117534,10002403,4
117534,10003087,9
117534,10002026,4
117534,10000141,4
117534,10000971,2
117590,10004977,7
117590,10003664,5
117639,10003925,7
117653,10003008,1
117660,10003720,2
117660,10001664,2
117695,10002713,2
117702,10004582,1
117709,10001294,4
117744,10001588,5
117744,10000940,7
117744,10002759,5
117800,10002415,2
117800,10000785,3
117807,10000994,1
117828,10001563,4
117849,10004327,3
117863,10002456,2
117870,10004078,3
117870,10003931,3
117926,10002670,1
117933,10004249,3
117947,10000008,2
117947,10002538,1
117961,10000343,3
117961,10001172,5
117961,10003707,4
117961,10001274,3
118038,10004182,3
118038,10000615,3
118052,10002581,2
118087,10004860,2
118087,10002432,2
118087,10000067,1
118087,10003602,1
118087,10004469,3
118087,10001867,2
118087,10003174,3
118227,10001044,1
118255,10000171,2
118255,10003291,2
118339,10001154,2
118339,10000466,7
118339,10001758,10
118339,10000136,6
118360,10000791,9
118367,10004386,2
118402,10001418,5
118423,10000362,3
118437,10003722,1
118486,10004498,1
118486,10001039,3
118486,10004659,2
118521,10003465,2
118542,10004735,7
118542,10003429,2
118570,10001289,7
118626,10000369,7
118640,10002974,2
118731,10003347,3
118731,10000067,7
118773,10004584,4
118773,10002402,2
118773,10000550,2
118773,10000055,2
118780,10000352,2
118780,10000575,1
118857,10004460,5
118871,10003296,3
118871,10000191,3
118871,10002111,5
118885,10002880,4
118885,10002563,3
118913,10000692,3
118948,10001547,3
118955,10001028,3
118955,10004156,3
118955,10001708,2
118962,10001144,2
118962,10003817,7
118969,10002429,6
118976,10001628,2
118976,10000877,9
118976,10004752,2
118976,10000452,1
118983,10000756,3
119025,10001205,9
119032,10003021,2
119039,10004182,9
119137,10003911,8
119137,10000658,1
119137,10002076,10
119151,10003470,4
119151,10003159,3
119165,10000988,5
119186,10004621,2
119186,10001973,5
119186,10000580,1
119193,10000848,1
119214,10002893,3
119214,10003077,2
119291,10003373,8
119291,10003510,4
119291,10001118,1
119291,10001575,2
119305,10000604,5
119312,10000943,14
119375,10002011,7
119375,10002379,3
119375,10003752,5
119438,10000804,3
119438,10003614,3
119438,10003553,3
119452,10004495,6
119564,10003096,3
119578,10003660,1
119592,10004187,2
119669,10000053,3
119683,10001099,3
119746,10004909,1
119746,10001613,5
119746,10004447,2
119823,10000482,2
119907,10001765,2
119935,10001085,2
119935,10001597,2
119963,10003514,2
119963,10003510,2
119963,10003817,6
120005,10000672,3
120089,10003779,4
120103,10001295,7
120103,10002170,2
120243,10004425,4
120250,10003424,3
120257,10003481,3
120278,10004258,3
120278,10002214,2
120278,10004970,3
120327,10004854,4
120341,10004224,6
120341,10003357,1
120355,10004053,3
120362,10003008,5
120376,10001114,5
120376,10000844,1
120376,10004534,2
120390,10004995,4
120418,10002370,4
120418,10002956,5
120418,10001955,1
120439,10001867,6
120460,10004973,3
120474,10001854,8
120474,10000475,4
120516,10004187,3
120530,10000454,3
120544,10004336,3
120544,10003709,7
120572,10001098,2
120705,10001522,2
120761,10000171,4
120768,10001191,6
120768,10000513,14
120810,10002892,3
120838,10003484,6
120859,10001335,2
120873,10000847,1
120880,10004101,5
120880,10001496,3
120880,10002931,5
120887,10001588,3
120929,10001857,3
121034,10001994,3
121041,10001137,2
121097,10001937,2
121167,10003676,2
121223,10001204,2
121223,10004667,9
121251,10004896,4
121300,10003774,1
121300,10004571,3
121300,10004442,2
121300,10002606,2
121314,10003395,3
121370,10000785,3
121412,10000243,3
121419,10004534,2
121419,10000892,4
121468,10000376,4
121503,10001878,7
121503,10003674,3
121573,10000984,4
121573,10000666,2
121573,10003712,2
121601,10003862,7
121608,10004959,1
121615,10000327,2
121615,10001325,5
121615,10001771,3
121650,10003569,2
121650,10001045,1
121664,10003684,8
121671,10001471,3
121671,10002344,3
121671,10000078,1
121720,10003312,5
121720,10002496,2
121720,10003464,3
121720,10000377,2
121720,10004593,5
121720,10001308,2
121720,10001780,2
121720,10003816,4
121727,10004930,2
121755,10001634,2
121755,10003027,3
121797,10001876,7
121797,10000488,3
121818,10000203,7
121818,10004790,3
121888,10000439,1
121888,10003478,2
121888,10002545,3
121888,10001765,7
121909,10003790,3
121958,10000381,7
121965,10000732,2
121965,10004355,1
121965,10000056,3
121993,10003720,8
122021,10003761,2
122035,10002118,2
122035,10000404,5
122035,10003833,3
122035,10002072,7
122105,10004344,8
122133,10002574,4
122140,10001242,2
122140,10003038,7
122140,10003289,3
122154,10000121,3
122154,10002026,1
122154,10000994,3
122182,10002800,1
122210,10000053,7
122210,10002807,4
122245,10002356,3
122259,10002573,4
122280,10004911,2
122287,10001661,3
122287,10004656,7
122287,10003707,2
122287,10004973,5
122322,10000952,5
122336,10000122,4
122336,10002780,13
122371,10002370,3
122371,10000056,2
122392,10002221,2
122392,10002456,2
122406,10001527,3
122406,10004571,2
122406,10001973,1
122490,10001718,11
122490,10001613,3
122504,10003289,3
122504,10002468,7
122518,10001641,4
122567,10002012,3
122567,10001303,2
122595,10002963,1
122623,10000553,2
122637,10002429,7
122644,10003673,2
122644,10003614,2
122693,10002518,7
122700,10003092,8
122707,10000156,4
122707,10004227,2
122714,10001120,5
122728,10000604,3
122735,10004364,5
122735,10001712,4
122756,10001681,4
122784,10000546,5
122784,10004690,4
122784,10001557,2
122784,10002545,5
122826,10004830,4
122882,10002344,1
122882,10003589,3
122882,10000758,2
122882,10004679,4
122910,10000441,2
122931,10004175,2
122931,10000533,4
122959,10003650,2
122994,10004015,3
123001,10001919,5
123001,10004544,5
123001,10003484,2
123064,10004582,4
123127,10001962,2
123134,10003975,3
123155,10002473,5
123218,10001061,2
123218,10003966,3
123232,10001051,4
123246,10001770,4
123253,10002804,1
123260,10002323,8
123274,10004090,2
123295,10002372,4
123323,10003684,7
123344,10001713,4
123351,10001242,1
123372,10002834,11
123372,10003055,2
123456,10002684,2
123463,10001118,4
123470,10001989,3
123470,10003287,3
123491,10003077,6
123491,10003061,1
123491,10003514,5
123491,10002684,14
123498,10000632,3
123498,10004773,3
123505,10002586,3
123568,10002701,3
123568,10001125,3
123568,10004090,3
123568,10001510,5
123617,10002976,6
123638,10002647,3
123659,10002464,4
123666,10001522,5
123701,10001860,4
123750,10004584,2
123750,10004659,12
123778,10001242,2
123806,10000965,4
123925,10002952,3
123960,10003038,6
123960,10002799,7
123960,10003582,2
123960,10004451,5
123967,10001308,5
123967,10003954,9
123981,10002115,1
124023,10004415,2
124044,10003460,3
124051,10001289,6
124058,10004774,7
124086,10004015,2
124149,10002421,6
124149,10000760,5
124303,10000343,2
124303,10002749,3
124352,10004559,7
124352,10003223,6
124352,10002651,3
124352,10003177,2
124352,10000977,4
124401,10000649,3
124401,10002926,7
124429,10002607,10
124450,10000311,3
124450,10004212,8
124485,10004971,2
124485,10002323,4
124485,10004888,1
124506,10003280,4
124541,10004078,9
124576,10002735,2
124653,10000176,7
124653,10002271,7
124667,10003447,3
124667,10002276,1
124674,10002202,2
124681,10000487,3
124688,10000455,5
124688,10002456,4
124688,10003569,3
124709,10002842,2
124772,10004748,3
124793,10002880,2
124800,10000501,4
124800,10000778,2
124800,10004980,2
124800,10003984,9
124800,10000798,6
124800,10001750,5
124800,10002743,4
124814,10000174,5
124821,10000688,4
124828,10003514,3
124891,10003033,7
124891,10002903,7
124891,10004621,3
124919,10002254,4
124926,10004868,6
124975,10002645,7
125115,10004101,2
125136,10001457,8
125136,10001804,2
125164,10001191,1
125164,10003982,3
125171,10001175,5
125178,10002562,2
125199,10002956,7
125199,10004041,4
125199,10001336,4
125206,10003692,2
125234,10000158,3
125234,10000482,3
125290,10001216,5
125290,10003127,1
125318,10001433,4
125374,10003396,2
125388,10004712,4
125388,10000918,3
125423,10001771,2
125514,10000358,2
125514,10003281,3
125514,10000029,1
125521,10003379,4
125556,10001079,7
125556,10003460,10
125612,10001019,2
125612,10002537,10
125612,10003221,2
125717,10001979,1
125717,10001522,2
125717,10001718,4
125717,10003022,3
125717,10000891,2
125738,10000740,2
125738,10001628,5
125815,10004441,3
125829,10001079,7
125829,10002041,4
125829,10001036,3
125829,10000223,3
125829,10003246,4
125878,10002609,3
125969,10003773,3
126004,10001432,1
126004,10004656,1
126004,10001685,4
126004,10001418,3
126004,10000676,2
126032,10000158,3
126046,10004484,3
126067,10000912,4
126067,10001658,5
126067,10003856,2
126074,10003577,11
126074,10003478,7
126074,10000546,1
126158,10002498,8
126158,10002602,2
126158,10000073,9
126179,10001557,3
126214,10003748,13
126214,10003198,1
126221,10002457,2
126235,10000719,2
126242,10002685,1
126354,10000301,2
126354,10004381,3
126361,10000806,8
126361,10000896,5
126361,10002289,5
126361,10002852,1
126403,10001144,3
126403,10003761,6
126403,10000078,5
126438,10003338,2
126445,10000046,3
126529,10000148,2
126536,10003709,1
126536,10001191,5
126557,10004477,9
126557,10000526,7
126557,10003314,2
126557,10001861,1
126571,10003816,2
126613,10001325,2
126662,10004202,2
126697,10002922,7
126697,10001706,4
126760,10003312,3
126760,10004018,9
126760,10004814,3
126774,10002804,1
126809,10003712,9
126844,10004909,8
126907,10000533,3
126956,10000381,4
127012,10003903,1
127012,10004854,2
127026,10000546,5
127026,10002981,3
127040,10004255,1
127040,10001184,7
127040,10002637,9
127040,10002878,4
127110,10003309,6
127131,10004656,7
127131,10002344,6
127131,10001800,4
127131,10000036,2
127159,10000008,7
127180,10004722,4
127180,10001494,8
127180,10002500,5
127180,10003800,1
127187,10000673,2
127208,10002118,1
127208,10002309,3
127264,10003045,3
127285,10004330,3
127285,10002072,2
127299,10003722,6
127299,10001127,3
127306,10001219,3
127306,10000019,7
127306,10001924,2
127306,10002003,5
127341,10001072,4
127369,10003306,5
127383,10004773,2
127418,10003707,3
127432,10003236,5
127432,10004507,3
127432,10001667,2
127446,10001635,3
127446,10001317,1
127446,10000577,5
127446,10000248,2
127446,10000955,3
127446,10000221,3
127453,10000828,3
127453,10002906,2
127453,10003860,4
127460,10004340,6
127488,10001613,2
127509,10002393,3
127509,10002855,7
127509,10000781,3
127523,10004249,3
127586,10002615,2
127593,10004006,2
127607,10001308,2
127607,10003485,9
127642,10000565,2
127691,10002053,2
127691,10002567,2
127705,10000347,1
127705,10004507,2
127775,10002402,3
127964,10004700,1
127964,10004593,3
127964,10003429,5
127971,10003774,5
127971,10000021,3
128055,10004390,2
128055,10002765,2
128083,10004030,3
128083,10003194,4
128083,10001731,3
128090,10002255,1
128090,10002624,5
128090,10001878,8
128090,10000452,2
128111,10000588,2
128139,10003956,1
128146,10004539,7
128146,10001919,2
128160,10001510,2
128195,10002003,5
128258,10004156,1
128300,10002807,2
128300,10001597,8
128370,10002602,3
128370,10004140,2
128412,10001718,3
128412,10001125,4
128412,10000252,3
128412,10003038,5
128426,10000756,5
128475,10000158,2
128517,10002555,2
128517,10000831,2
128531,10001325,5
128531,10002676,3
128531,10003023,2
128531,10000167,3
128531,10003405,3
128629,10000771,3
128685,10004140,2
128755,10000726,1
128755,10003306,4
128755,10001291,1
128818,10000309,7
128818,10003923,3
128818,10002084,4
128818,10000488,5
128818,10001767,5
128839,10000027,3
128846,10003273,5
128846,10000100,3
128923,10002250,2
128923,10000475,1
128986,10001289,3
129021,10001459,13
129021,10001852,2
129021,10000139,5
129042,10001662,3
129091,10004955,3
129091,10001071,5
129091,10002734,3
129098,10001321,2
129112,10003038,3
129112,10000088,4
129168,10001639,3
129196,10002473,3
129357,10003228,9
129357,10004498,5
129364,10001132,4
129364,10000432,5
129364,10004227,10
129378,10002012,1
129378,10001922,13
129378,10000553,4
129441,10000448,3
129462,10000665,2
129462,10003884,3
129462,10001557,2
129462,10002085,1
129469,10002298,6
129469,10000313,2
129490,10003298,4
129567,10000014,2
129574,10002893,5
129609,10003478,2
129686,10004337,2
129686,10001266,6
129693,10002954,2
129714,10000290,1
129714,10004995,4
129770,10000249,4
129833,10000575,5
129833,10004182,5
129854,10000390,4
129868,10000952,2
129868,10002275,2
129868,10004052,2
129868,10003473,3
129868,10001897,3
129896,10002245,2
129896,10004904,6
129896,10002396,4
129924,10003314,2
129924,10004575,3
130001,10002666,5
130022,10002043,4
130022,10001915,3
130029,10000552,2
130029,10001135,2
130092,10000008,2
130141,10000831,4
130141,10000749,4
130162,10001328,6
130162,10002563,3
130204,10001325,3
130204,10003038,2
130211,10000129,3
130211,10003748,2
130218,10003112,4
130218,10002486,4
130309,10003208,3
130351,10004532,3
130351,10002137,5
130358,10002766,9
130358,10002522,1
130379,10002553,2
130386,10002749,3
130386,10003823,9
130386,10003716,3
130407,10002240,2
130407,10001967,2
130477,10002947,3
130477,10002583,2
130477,10000019,2
130484,10000088,8
130519,10001937,3
130519,10001321,2
130526,10001524,8
130624,10003883,3
130624,10001303,3
130680,10004833,4
130729,10002706,3
130736,10003467,2
130764,10003034,5
130764,10003215,4
130771,10003059,2
130771,10002496,1
130785,10000330,4
130785,10001900,6
130785,10003159,3
130792,10000696,3
130792,10003327,3
130792,10000309,4
130799,10001852,4
130841,10000145,4
130841,10001817,4
130883,10001956,5
130883,10004100,6
130890,10002903,5
130946,10004995,4
130967,10004896,3
130995,10000347,1
131002,10000948,3
131002,10000223,2
131002,10000215,3
131016,10000122,2
131016,10000352,2
131051,10001861,3
131065,10004145,2
131065,10002479,1
131065,10004970,2
131114,10001664,3
131114,10000199,4
131128,10003591,3
131149,10000689,3
131149,10002135,4
131212,10000145,6
131233,10000829,3
131289,10003056,2
131289,10003363,7
131289,10003954,6
131310,10001797,4
131310,10003094,4
131338,10003012,2
131338,10002607,9
131338,10000642,2
131338,10000545,2
131338,10002157,3
131338,10001706,2
131338,10000984,5
131338,10001357,3
131338,10000992,3
131359,10000597,2
131359,10001571,1
131359,10003026,4
131366,10003437,2
131422,10001270,3
131450,10002398,5
131450,10001979,8
131492,10002973,2
131492,10001641,10
131492,10003837,2
131499,10003779,1
131534,10000743,5
131576,10002852,3
131583,10000380,6
131597,10002607,3
131611,10004364,3
131611,10000780,7
131611,10001989,3
131618,10000546,4
131618,10001294,4
131625,10004960,5
131695,10001476,7
131695,10002045,1
131737,10003055,5
131737,10004306,5
131758,10000411,3
131758,10000262,5
131779,10001505,5
131828,10004495,4
131835,10004487,2
131835,10001760,3
131849,10004164,1
131849,10002957,5
131884,10001578,2
131884,10004078,8
131884,10004860,1
131891,10000201,3
131905,10003645,1
131926,10004063,7
131926,10002276,2
131926,10004082,6
131926,10000061,4
131954,10003610,3
131954,10003982,6
131954,10003291,4
131954,10000138,5
131968,10002852,2
131968,10001058,3
132059,10001811,2
132059,10003280,2
132094,10001109,2
132101,10004539,3
132122,10003692,5
132143,10002713,7
132178,10000464,2
132178,10000025,8
132185,10000422,5
132185,10001205,1
132206,10000756,7
132227,10000962,4
132234,10001290,13
132297,10003364,2
132297,10002834,3
132339,10003925,1
132346,10000696,7
132353,10004536,3
132409,10001919,1
132423,10001221,7
132423,10002988,5
132430,10003577,4
132444,10000611,2
132444,10001116,2
132444,10000563,3
132486,10000710,9
132486,10004495,1
132486,10004971,2
132486,10001854,3
132500,10001383,2
132507,10000943,4
132521,10001325,3
132521,10000404,1
132570,10000367,2
132570,10003055,2
132612,10004534,7
132626,10002763,4
132626,10002428,3
132626,10002918,2
132626,10000476,3
132626,10002854,3
132626,10002987,4
132626,10001634,6
132626,10003722,7
132647,10003123,5
132661,10000482,10
132682,10004231,3
132731,10004120,6
132857,10003251,3
132906,10004498,4
132934,10001098,3
132962,10003543,3
132976,10004470,4
132976,10000876,6
132976,10002043,3
133025,10004100,5
133123,10003055,3
133130,10002602,5
133144,10004971,3
133200,10002827,10
133200,10001601,7
133228,10004020,1
133228,10001955,4
133235,10002660,5
133249,10001588,5
133256,10001622,1
133256,10003158,4
133256,10002660,8
133270,10002656,2
133340,10003988,1
133340,10001109,2
133452,10002800,4
133452,10003954,3
133501,10004888,1
133508,10000133,5
133550,10001005,4
133550,10001079,1
133550,10002918,3
133641,10004955,9
133648,10003923,6
133648,10002257,2
133648,10004395,3
133690,10003622,1
133704,10001366,4
133704,10001636,3
133711,10001685,7
133711,10000666,3
133711,10004352,5
133711,10000010,8
133753,10000376,1
133753,10000303,2
133753,10001953,2
133781,10004483,3
133809,10001757,8
133823,10002870,6
133823,10004545,3
133823,10000962,2
133851,10001225,2
133851,10003752,2
133865,10001046,6
133879,10004465,2
133879,10000665,5
133879,10004956,3
134026,10000513,8
134026,10004123,1
134061,10001424,2
134173,10004355,4
134208,10004458,4
134222,10001658,6
134278,10001046,1
134285,10000611,3
134285,10000304,3
134313,10001897,3
134313,10001795,4
134348,10004967,7
134348,10003447,2
134376,10004532,3
134404,10004441,4
134425,10003555,5
134474,10003958,2
134481,10004915,7
134488,10003199,2
134551,10004868,7
134551,10004287,3
134551,10002689,5
134565,10004243,2
134565,10001759,6
134565,10001570,5
134565,10001519,3
134607,10002214,2
134614,10004534,6
134649,10001547,7
134649,10001890,2
134677,10001445,3
134691,10002393,2
134712,10003112,2
134733,10002916,3
134733,10002726,2
134747,10002890,3
134747,10001308,2
134747,10001750,4
134761,10002890,1
134775,10004734,7
134775,10002225,3
134782,10001434,2
134803,10000891,2
134803,10003790,8
134803,10002217,7
134803,10002215,4
134838,10004018,3
134845,10000773,5
134845,10001543,2
134845,10003355,6
134845,10002005,4
134859,10003623,3
134894,10001271,3
134894,10002647,4
134908,10003479,4
134908,10000973,3
134915,10001266,4
134915,10000305,2
134915,10000347,2
134915,10001459,2
134971,10003982,3
135020,10001490,3
135020,10004255,7
135034,10003931,2
135062,10000100,7
135090,10002245,9
135265,10003061,4
135265,10003763,5
135272,10002759,4
135279,10004055,2
135279,10004344,3
135279,10004621,2
135279,10001281,4
135279,10001613,3
135307,10001290,3
135363,10003177,3
135363,10000533,1
135391,10001074,4
135391,10001986,2
135405,10004078,2
135405,10001266,3
135538,10004287,4
135545,10004633,2
135545,10001078,6
135545,10003892,3
135545,10000393,4
135608,10002602,5
135622,10000100,11
135622,10001817,6
135685,10000157,9
135685,10001185,6
135685,10001520,3
135685,10004145,4
135685,10000688,3
135692,10001158,4
135699,10004475,2
135755,10004828,3
135776,10001295,2
135776,10001231,2
135776,10002743,2
135776,10004327,1
135776,10004773,2
135776,10003470,4
135783,10000794,2
135860,10000642,4
135860,10001700,2
135860,10000133,9
135860,10001522,1
135923,10002107,8
135923,10000692,4
135972,10003012,2
135972,10002313,3
136063,10000823,7
136189,10000175,6
136231,10001099,3
136231,10001597,7
136231,10002660,2
136231,10000327,3
136280,10000452,2
136287,10003148,3
136308,10000488,3
136329,10000723,4
136350,10001891,2
136364,10003885,1
136364,10002501,9
136371,10000409,1
136371,10000221,4
136378,10003707,3
136399,10004090,2
136399,10002602,2
136399,10001142,5
136399,10004977,4
136406,10002024,2
136448,10001109,3
136448,10002393,2
136448,10001359,2
136448,10003628,2
136476,10003650,1
136483,10000940,2
136539,10001958,2
136539,10004709,2
136567,10004337,2
136567,10003982,3
136644,10000225,8
136672,10004510,3
136707,10003460,4
136742,10003719,6
136812,10003470,4
136826,10003602,3
136875,10000357,3
137008,10001295,5
137008,10002500,4
137008,10000892,1
137022,10001963,8
137043,10003664,9
137050,10004634,1
137050,10002988,7
137050,10004999,7
137050,10004695,4
137085,10000632,9
137099,10002496,3
137204,10002304,2
137239,10002827,2
137330,10000245,7
137330,10001492,7
137344,10000344,3
137351,10003910,7
137428,10003817,2
137428,10002949,5
137512,10000213,4
137526,10003364,3
137526,10001861,4
137526,10004845,9
137589,10000156,3
137596,10001494,4
137596,10003816,2
137673,10002345,8
137708,10000176,2
137708,10000327,10
137708,10004634,3
137729,10001505,1
137729,10001433,3
137736,10004999,7
137750,10001979,5
137848,10001137,4
137848,10004285,9
137848,10002225,3
137897,10002217,2
137897,10004041,5
137946,10001922,1
137946,10001449,2
137946,10004140,4
138002,10004748,3
138009,10000179,5
138009,10001272,4
138121,10000317,4
138121,10003846,3
138121,10003817,9
138121,10002116,3
138149,10003091,5
138149,10002974,3
138149,10000255,2
138149,10001284,3
138163,10001958,3
138247,10000211,7
138247,10000828,2
138296,10002444,2
138303,10002881,1
138303,10001335,6
138317,10000550,1
138317,10003628,4
138317,10004521,3
138317,10003860,2
138317,10000067,2
138380,10003306,7
138436,10002323,3
138464,10003142,3
138464,10001543,3
138464,10003560,3
138464,10004757,4
138520,10001137,2
138520,10002713,5
138527,10001800,2
138534,10003159,2
138611,10000011,10
138611,10002949,2
138681,10001876,2
138681,10003628,3
138681,10004860,3
138681,10000357,5
138681,10003270,2
138688,10000240,2
138695,10003833,8
138695,10001667,13
138716,10001628,3
138758,10002880,2
138779,10002504,1
138828,10000658,5
138828,10000349,3
138898,10004487,13
138919,10004154,2
138933,10003355,1
138940,10001835,6
138975,10004389,3
138975,10004695,9
138975,10000100,7
139010,10004227,1
139010,10000174,4
139010,10002309,7
139017,10001013,2
139094,10004607,2
139157,10003238,1
139192,10000486,12
139192,10001606,1
139199,10000847,3
139199,10003982,2
139234,10000773,2
139234,10004510,2
139269,10000755,4
139269,10002893,2
139269,10000689,9
139290,10004008,2
139311,10001776,4
139311,10004582,7
139311,10001557,2
139388,10004968,4
139395,10003732,5
139395,10000885,2
139451,10002053,5
139451,10002370,1
139465,10000455,3
139465,10003910,6
139486,10003555,3
139584,10001266,2
139598,10004569,3
139598,10002998,2
139598,10003287,2
139598,10001370,4
139619,10003282,2
139633,10002954,4
139689,10004781,4
139689,10000145,3
139710,10001198,3
139731,10004975,3
139731,10002024,5
139759,10002765,4
139773,10001797,7
139850,10003848,4
139850,10003623,2
139857,10001843,5
139878,10001336,2
139885,10003324,6
139892,10004441,3
139892,10004287,9
139892,10002656,6
139892,10002518,5
139892,10003931,3
139913,10003739,2
139913,10002479,5
139913,10000771,11
139962,10004451,3
139962,10004738,2
139969,10001973,3
140004,10004685,2
140004,10004027,3
140018,10000752,7
140018,10003817,3
140018,10001876,3
140025,10002651,8
140025,10002402,6
140039,10001034,5
140074,10002741,6
140081,10004826,6
140081,10001870,3
140081,10001058,2
140088,10000863,2
140116,10000078,3
140116,10001044,4
140144,10002726,3
140165,10002815,2
140200,10002356,3
140228,10001613,3
140228,10002214,3
140242,10004752,3
140242,10004659,7
140298,10003481,2
140298,10004180,2
140298,10001967,1
140326,10000111,9
140326,10004041,3
140403,10001219,2
140410,10003580,7
140410,10001109,3
140410,10003347,3
140417,10000380,9
140417,10004828,1
140501,10003510,4
140501,10000248,5
140501,10000060,5
140501,10003129,3
140501,10004076,2
140543,10000563,6
140564,10000034,8
140585,10003364,2
140585,10002206,1
140585,10003610,2
140634,10001099,2
140641,10001191,5
140662,10001314,2
140662,10003395,7
140662,10001242,3
140676,10004082,5
140676,10000358,7
140676,10004243,5
140746,10002903,1
140760,10002479,6
140760,10001141,5
140795,10001432,6
140809,10002214,5
140830,10000461,2
140830,10002831,2
140844,10003892,2
140844,10001101,8
140851,10000019,6
140858,10000304,8
140858,10003094,3
140858,10004230,3
140858,10003395,4
140886,10000696,6
140907,10004510,3
140907,10000060,5
140907,10000799,3
140921,10003347,2
140921,10004901,3
140949,10000081,5
140949,10000149,6
140949,10003038,8
140949,10000344,8
140949,10001683,6
140949,10003455,3
140963,10003923,2
140963,10001337,5
140963,10001924,5
140984,10001571,2
140984,10002012,9
141040,10001835,4
141040,10002245,4
141082,10001404,1
141082,10001474,4
141145,10001465,3
141180,10000301,4
141215,10001520,2
141215,10003379,4
141215,10002706,3
141257,10002758,3
141278,10003056,5
141397,10000317,3
141397,10003846,2
141453,10000301,3
141544,10003645,3
141544,10003312,4
141544,10001074,10
141544,10001524,6
141607,10003975,1
141684,10002870,4
141733,10002017,1
141733,10001563,2
141789,10001359,2
141817,10003478,3
141852,10000021,8
141873,10003034,3
141873,10000069,2
141929,10002185,1
141929,10002974,5
142020,10004569,4
142020,10000672,3
142034,10002305,4
142034,10000990,5
142034,10000665,4
142041,10004187,5
142048,10004114,6
142097,10000696,3
142202,10003198,9
142237,10003669,4
142237,10003833,8
142237,10003732,5
142237,10003142,6
142335,10000198,3
142335,10000036,3
142370,10003002,2
142370,10002926,5
142419,10001763,3
142419,10001597,3
142545,10002105,5
142545,10002756,8
142545,10004243,3
142545,10001861,4
142545,10002706,1
142573,10000246,2
142573,10003350,4
142573,10000513,3
142601,10002756,7
142622,10003833,2
142622,10004467,2
142636,10000157,7
142636,10001891,4
142685,10000156,7
142692,10004140,1
142727,10002304,2
142727,10000136,3
142755,10000139,2
142867,10003166,6
142867,10004610,3
142888,10004767,1
142902,10001756,1
142944,10000306,7
142944,10003763,2
142958,10001759,2
142958,10000577,4
142965,10002583,1
142965,10000977,3
143028,10004738,3
143063,10003645,9
143077,10000088,3
143105,10002095,2
143105,10002713,6
143105,10002254,7
143119,10001270,6
143126,10002958,2
143231,10002501,5
143231,10000359,3
143238,10003499,4
143245,10000155,3
143259,10004774,7
143259,10003684,3
143308,10000621,3
143329,10000629,3
143336,10003056,2
143336,10001949,3
143336,10002215,4
143343,10002375,5
143385,10001635,9
143413,10002319,3
143448,10003379,5
143455,10004451,2
143490,10002952,9
143532,10001560,3
143567,10004846,2
143567,10000454,4
143567,10004145,9
143602,10002071,3
143651,10001446,2
143665,10003673,3
143665,10002034,8
143686,10000794,2
143749,10002853,1
143798,10000788,2
143798,10004306,2
143819,10003127,1
143819,10003208,2
143819,10003979,7
143840,10002660,2
143840,10003171,1
143861,10001546,2
143903,10003306,3
143903,10002024,2
143910,10000225,2
143917,10000151,5
143917,10004351,8
144036,10000122,8
144064,10004544,4
144064,10004507,2
144064,10002012,9
144099,10001078,1
144113,10001141,2
144113,10002170,1
144190,10000304,2
144211,10002246,3
144211,10002890,3
144218,10002615,7
144267,10000157,3
144344,10000076,3
144344,10003719,5
144344,10003268,2
144344,10003553,3
144386,10001116,6
144393,10004236,4
144407,10003923,7
144526,10002549,5
144526,10002353,3
144540,10002457,3
144540,10002763,9
144547,10004901,7
144554,10002800,3
144568,10004395,5
144582,10001575,7
144638,10003958,2
144638,10000149,3
144652,10003732,7
144666,10002743,3
144666,10001601,2
144666,10002680,4
144666,10001321,6
144666,10003465,5
144792,10002759,7
144806,10002586,5
144827,10004340,2
144855,10003766,2
144862,10000923,7
144904,10001158,2
144904,10000785,3
144904,10003732,2
144904,10000021,8
144911,10004633,5
144911,10000977,5
144932,10003560,3
144932,10004971,3
144939,10003199,6
145065,10001229,2
145065,10002437,2
145128,10000293,5
145142,10001857,2
145177,10001613,4
145177,10000376,7
145177,10004039,2
145177,10001776,3
145177,10002457,4
145177,10000758,7
145184,10000397,3
145212,10002833,3
145219,10001449,6
145219,10001670,3
145226,10004952,2
145226,10004123,3
145226,10003172,3
145233,10004977,3
145233,10000586,2
145233,10000358,3
145233,10002764,7
145233,10001254,4
145247,10003641,3
145303,10000050,9
145303,10002414,4
145303,10003159,2
145310,10002621,1
145317,10003626,4
145317,10001804,4
145317,10003112,3
145317,10001986,3
145352,10001662,1
145352,10003856,3
145352,10003527,5
145366,10004180,1
145366,10004386,3
145387,10001683,5
145387,10002364,2
145387,10000021,3
145387,10002320,5
145387,10003238,1
145401,10004405,6
145436,10004860,2
145436,10004477,8
145499,10000848,2
145576,10003914,5
145576,10004020,3
145583,10001804,3
145583,10001736,1
145583,10002988,2
145583,10004781,3
145583,10001218,6
145583,10001706,14
145625,10004569,1
145730,10004915,3
145730,10001016,3
145821,10004348,3
145842,10000419,3
145849,10000025,2
145849,10000817,8
145863,10004140,3
145877,10000649,6
145884,10000895,8
145884,10002356,1
145905,10001854,1
145905,10000533,2
145905,10003716,4
145919,10004960,8
145982,10000011,3
145982,10002666,9
145982,10000735,4
145982,10000174,5
146024,10003291,7
146031,10002656,9
146136,10001219,4
146143,10002045,6
146206,10000895,5
146262,10004544,2
146262,10004695,5
146262,10002844,3
146262,10000864,9
146262,10000109,2
146353,10003476,4
146416,10003714,1
146416,10001787,4
146521,10000301,1
146528,10002522,4
146535,10000546,1
146563,10001490,7
146563,10001511,14
146563,10001768,5
146570,10001718,8
146570,10004602,4
146570,10003856,3
146633,10003527,1
146633,10002982,7
146703,10001713,4
146710,10004498,5
146724,10001026,10
146745,10002372,2
146794,10004467,5
146836,10000315,3
146885,10001622,3
146920,10002479,6
146920,10001461,5
146934,10004614,5
146934,10003748,2
146934,10002973,6
146934,10001336,2
146941,10003296,4
146948,10001332,4
146969,10001561,4
146969,10002105,1
146969,10004241,2
146969,10004340,1
147067,10000732,3
147137,10000221,5
147137,10001811,5
147137,10002486,4
147221,10002534,5
147221,10004020,4
147228,10001225,3
147228,10000357,4
147228,10000046,2
147228,10000021,3
147235,10004948,5
147242,10003842,2
147242,10004695,2
147277,10000142,2
147291,10003091,4
147298,10004886,3
147298,10001525,6
147361,10002214,5
147368,10002178,2
147375,10002937,3
147417,10001449,4
147501,10002003,2
147536,10003280,3
147564,10004438,4
147606,10003194,5
147627,10001061,7
147627,10002375,7
147627,10003194,4
147662,10001658,2
147662,10002834,3
147662,10004999,3
147662,10003280,3
147669,10002473,7
147669,10000632,1
147669,10002645,2
147669,10002975,13
147704,10004483,5
147704,10003270,6
147704,10001634,4
147753,10003537,2
147760,10004575,3
147760,10002483,5
147788,10004357,7
147788,10003766,5
147788,10000046,2
147830,10000415,2
147830,10004908,2
147851,10004528,4
147914,10001685,2
147942,10003663,2
147942,10001294,13
147984,10000806,5
148012,10004757,1
148040,10002581,3
148040,10001482,3
148054,10003247,2
148054,10004336,4
148054,10001295,2
148068,10001639,3
148110,10002647,7
148166,10004956,4
148201,10000019,1
148250,10000289,2
148264,10003327,3
148264,10002703,2
148334,10003676,2
148376,10000237,2
148376,10002381,7
148404,10003208,4
148404,10003112,3
148404,10004447,2
148404,10002854,6
148404,10001039,3
148432,10004968,7
148432,10001274,2
148446,10004256,4
148474,10000977,3
148474,10002530,3
148488,10004470,2
148488,10000315,7
148593,10001776,5
148628,10003883,5
148635,10004395,2
148635,10001854,2
148691,10001524,5
148691,10001317,1
148740,10002549,2
148761,10000666,3
148768,10002564,3
148796,10004886,5
148803,10001476,3
148817,10001321,4
148838,10003473,7
148838,10004175,3
148838,10000919,4
148901,10001718,3
148901,10002396,3
148901,10003988,5
148901,10002467,2
148901,10002309,8
148915,10000673,3
148922,10000148,3
148922,10003476,8
148929,10003282,8
148950,10001249,4
148950,10003059,2
148950,10002718,3
149020,10000965,1
149048,10003296,2
149048,10000078,2
149048,10001752,3
149111,10003092,1
149111,10000206,8
149160,10003347,2
149160,10001543,8
149223,10000358,6
149244,10004671,2
149279,10004287,6
149314,10002126,1
149342,10001557,3
149482,10000248,2
149489,10002495,2
149489,10002414,2
149559,10003172,2
149559,10002320,8
149587,10003177,2
149587,10003799,3
149587,10002852,2
149629,10004709,5
149643,10000038,2
149678,10004498,1
149713,10004530,14
149713,10001450,4
149713,10001574,2
149797,10003650,2
149853,10000556,3
149853,10000804,5
149881,10003894,8
149881,10000415,2
149888,10000849,4
149902,10002956,4
149958,10001490,1
149958,10001756,3
149958,10000773,3
149958,10001543,4
149958,10002120,3
149972,10004997,4
149972,10002763,2
149979,10003058,5
149979,10002084,3
150119,10002965,4
150119,10000145,8
150126,10002709,11
150147,10004614,2
150147,10001153,2
150161,10001524,4
150189,10002762,6
150245,10002613,7
150301,10002647,1
150343,10004030,3
150350,10002504,5
150350,10001973,6
150350,10001492,5
150350,10002189,4
150434,10000895,2
150434,10004152,1
150497,10004600,2
150525,10002375,2
150532,10000760,5
150567,10001757,2
150567,10000067,6
150574,10000773,2
150630,10004834,7
150630,10001525,6
150630,10001683,2
150707,10001078,7
150791,10000665,2
150798,10001571,2
150798,10000221,2
150798,10000015,6
150847,10004451,2
150861,10002228,2
150861,10004634,3
150861,10002965,3
150861,10001317,2
150875,10000577,2
150875,10001254,3
150889,10000004,1
150931,10004728,7
150945,10003716,4
150959,10001045,5
150959,10001510,4
150987,10001878,5
151001,10003455,4
151043,10001090,2
151078,10001328,4
151141,10004924,2
151155,10003910,2
151295,10002356,3
151316,10000327,3
151358,10000046,2
151372,10004381,2
151372,10000050,2
151372,10000302,2
151428,10000546,7
151512,10000252,2
151554,10004609,4
151589,10003228,4
151680,10000305,2
151708,10001767,3
151841,10001574,2
151925,10002961,2
151995,10002903,5
151995,10000237,4
151995,10001101,2
152002,10000355,3
152030,10004063,3
152051,10002965,3
152051,10004781,4
152051,10001713,6
152072,10001573,2
152072,10000844,3
152093,10003527,3
152121,10002483,1
152128,10001718,2
152142,10002965,2
152156,10001798,2
152156,10000454,3
152163,10002215,2
152163,10000788,2
152163,10003364,2
152170,10002831,8
152170,10001763,2
152170,10002072,2
152275,10000367,6
152289,10004571,2
152289,10002126,6
152296,10004506,3
152345,10004897,3
152345,10003123,1
152366,10002684,4
152380,10002533,3
152408,10002393,3
152485,10003759,7
152527,10003479,2
152534,10001870,6
152555,10001295,3
152555,10002965,6
152555,10001254,8
152562,10000464,2
152562,10001919,3
152583,10002041,2
152583,10002214,6
152611,10003903,7
152695,10004030,3
152695,10000026,7
152702,10002304,14
152723,10003460,1
152737,10002982,4
152737,10004975,4
152807,10004355,4
152807,10004415,2
152807,10002486,2
152807,10001142,7
152835,10003056,5
152849,10002833,3
152891,10004648,3
152891,10001857,3
152912,10004728,2
152912,10003208,12
153038,10000461,8
153038,10004008,8
153038,10000221,5
153108,10002222,7
153129,10003673,5
153150,10003355,5
153220,10003016,5
153318,10000984,5
153325,10004236,4
153339,10001967,1
153346,10000313,3
153346,10000007,5
153353,10000439,1
153381,10001525,4
153381,10000988,10
153388,10001868,4
153388,10003715,6
153416,10002005,3
153416,10000060,7
153416,10002706,8
153479,10004689,5
153500,10000293,2
153500,10004460,9
153577,10000575,7
153612,10000203,4
153626,10000657,3
153654,10004465,8
153682,10001046,2
153717,10004360,1
153717,10002375,1
153787,10001563,2
153815,10000513,2
153815,10002421,2
153815,10004090,2
153906,10001527,2
153913,10000988,9
153969,10004483,5
153969,10000327,9
153969,10001299,2
153969,10002246,3
153976,10002880,3
153983,10003495,5
154018,10002402,3
154018,10000551,2
154018,10002067,1
154018,10004140,7
154039,10002789,1
154109,10003774,2
154109,10000157,3
154123,10000629,2
154186,10001574,1
154200,10001044,2
154214,10000206,1
154326,10001819,3
154326,10000560,2
154326,10004568,5
154340,10003582,2
154361,10004020,5
154410,10002743,8
154536,10004410,5
154599,10001557,14
154599,10002764,7
154599,10001337,3
154669,10000532,11
154690,10000988,2
154711,10000393,2
154711,10001860,3
154718,10003714,2
154739,10002965,2
154746,10001532,2
154746,10003057,3
154788,10003314,2
154795,10003068,1
154795,10002088,2
154851,10001525,5
154879,10004425,2
154879,10001897,6
154921,10000056,3
154963,10004698,3
154963,10000454,5
154970,10003396,1
155005,10003484,3
155040,10004469,2
155047,10003338,1
155054,10004970,2
155068,10004897,7
155068,10002656,2
155068,10004924,2
155075,10003650,4
155089,10002429,5
155145,10003709,8
155187,10000642,2
155187,10000380,5
155208,10003478,6
155292,10002573,2
155292,10000553,1
155299,10002203,2
155306,10003251,2
155306,10003174,3
155306,10002651,5
155306,10001184,2
155334,10003628,7
155376,10001058,3
155425,10001036,14
155425,10001314,6
155425,10002563,2
155425,10003312,4
155439,10000029,4
155453,10001613,2
155460,10002479,1
155460,10003091,5
155481,10002293,2
155481,10002780,7
155488,10002956,2
155502,10004337,8
155502,10000380,2
155502,10004833,13
155502,10001847,3
155516,10001225,2
155516,10002406,7
155516,10002545,4
155530,10004256,6
155551,10001560,2
155558,10001998,1
155558,10000134,2
155565,10001218,5
155600,10000545,7
155600,10003752,4
155670,10000138,8
155670,10004947,3
155698,10001124,8
155698,10001158,2
155705,10000015,4
155761,10001606,2
155761,10000943,3
155817,10000532,2
155824,10000389,1
155824,10000014,4
155845,10004145,7
155852,10003560,4
155873,10001165,2
155873,10001815,4
155880,10000421,1
155880,10002880,3
155887,10002228,3
155992,10000215,2
155999,10000439,5
155999,10000404,2
156083,10001560,2
156104,10002095,2
156216,10001679,7
156251,10001337,2
156251,10003529,3
156314,10003096,5
156335,10002006,4
156335,10003314,3
156335,10002726,2
156349,10000362,2
156349,10000441,2
156349,10002726,2
156356,10000632,3
156356,10001107,1
156377,10002364,5
156377,10002954,4
156412,10004364,3
156440,10004090,2
156482,10001708,9
156482,10002598,4
156482,10001022,2
156503,10003606,1
156503,10002473,1
156503,10002319,3
156503,10000946,2
156503,10001335,4
156524,10003883,3
156559,10000711,9
156573,10002414,3
156573,10003732,2
156573,10001085,3
156587,10004477,1
156587,10001427,3
156587,10002344,3
156594,10004269,1
156594,10003007,5
156601,10000624,2
156685,10000588,3
156769,10003179,6
156811,10001366,4
156811,10001628,3
156818,10002323,6
156867,10004006,3
156951,10004530,8
156951,10001107,7
156951,10004451,3
156951,10004997,3
156986,10003800,2
156986,10002005,4
156986,10002498,3
156986,10004101,2
156993,10003495,1
157000,10001328,3
157014,10001098,5
157014,10002167,2
157014,10000057,2
157021,10000042,4
157035,10004156,3
157084,10002922,5
157091,10000293,5
157133,10004904,5
157147,10000078,5
157147,10003034,3
157147,10003514,5
157245,10003746,2
157252,10003396,3
157266,10002689,3
157266,10004728,2
157266,10000629,3
157308,10003712,4
157322,10003774,6
157322,10004507,5
157322,10003208,3
157336,10004236,6
157336,10004997,4
157385,10000863,5
157385,10003160,3
157385,10003280,1
157406,10003543,2
157406,10002221,3
157483,10004260,7
157511,10002107,3
157511,10002647,2
157511,10002257,1
157609,10002415,2
157623,10001204,2
157623,10003723,1
157651,10003116,1
157721,10001303,1
157721,10002116,1
157749,10003349,5
157749,10004351,3
157749,10000011,2
157749,10002607,5
157749,10002505,3
157749,10004685,2
157763,10000988,1
157770,10000050,5
157770,10003399,1
157784,10003911,3
157784,10000304,3
157812,10000171,1
157812,10000285,9
157833,10001721,3
157854,10001359,3
157868,10000992,7
157882,10001866,1
157896,10004092,3
157924,10000229,2
157931,10000785,4
157945,10001415,2
157980,10002567,2
157987,10000658,2
157987,10000358,1
157987,10004970,8
157987,10003885,3
157987,10001641,6
157987,10003379,5
157987,10004582,3
157987,10002842,2
157987,10000109,3
158029,10000988,2
158036,10002558,1
158057,10004410,4
158057,10002735,5
158064,10002976,5
158099,10000545,5
158099,10002496,3
158106,10002255,3
158218,10000563,5
158218,10002133,4
158246,10003061,3
158274,10003273,4
158274,10004896,5
158274,10002345,2
158337,10002137,14
158344,10002006,4
158372,10000393,2
158372,10002137,8
158372,10001867,5
158372,10000407,8
158379,10002498,1
158379,10002881,7
158379,10002926,2
158386,10003719,5
158407,10001967,2
158407,10001819,2
158435,10000381,7
158435,10002475,2
158435,10003975,4
158456,10004854,4
158505,10001044,1
158512,10001804,6
158512,10004973,2
158554,10004000,3
158568,10003256,7
158568,10001767,3
158568,10002609,3
158575,10002998,6
158638,10003712,4
158673,10000994,2
158708,10003133,2
158729,10002881,2
158743,10002257,4
158743,10001019,2
158743,10003364,5
158771,10000107,3
158771,10001641,3
158771,10003121,5
158771,10002689,7
158792,10002815,5
158834,10000326,5
158834,10001254,2
158876,10000308,4
158876,10001165,1
158876,10003373,4
158876,10001967,2
158883,10004733,4
158946,10001860,7
159107,10001332,1
159142,10001448,3
159142,10001776,3
159184,10002878,5
159184,10001890,2
159205,10001591,5
159205,10000526,7
159212,10003988,2
159310,10002758,4
159310,10000201,3
159345,10000806,2
159352,10004700,7
159373,10004141,2
159373,10004619,5
159380,10004239,6
159457,10002185,3
159464,10001492,2
159464,10003546,3
159464,10002185,5
159464,10000315,6
159478,10000221,3
159520,10003982,9
159520,10001664,2
159520,10003238,3
159597,10002289,2
159597,10004171,1
159604,10003460,2
159730,10002085,2
159737,10004236,3
159835,10002137,2
159835,10004997,5
159856,10003396,5
159863,10000109,3
159884,10000344,1
159912,10004152,4
159912,10002853,4
159912,10002071,2
159912,10000053,7
159926,10004656,3
159940,10004973,8
159940,10000936,1
159940,10001609,9
159940,10000785,2
159982,10002505,9
159989,10000169,3
160045,10000008,1
160059,10000145,2
160066,10001045,2
160087,10001915,3
160129,10002763,5
160129,10002088,2
160129,10003976,7
160150,10004352,1
160157,10003773,3
160213,10003848,3
160262,10003641,3
160262,10002685,2
160304,10004709,3
160304,10000455,2
160395,10003759,2
160395,10003984,7
160416,10004114,4
160423,10004340,7
160444,10001522,3
160444,10000563,11
160472,10000464,1
160472,10000528,5
160472,10003129,2
160500,10003784,5
160500,10003748,3
160514,10002479,2
160528,10002743,8
160528,10004973,3
160528,10002842,7
160696,10003059,5
160745,10003273,3
160745,10001142,4
160759,10002961,1
160773,10000546,6
160780,10001116,7
160780,10002931,2
160794,10004156,3
160983,10002250,8
161018,10000629,7
161053,10004318,4
161053,10004633,5
161095,10002764,3
161095,10001524,2
161193,10001861,5
161193,10000206,2
161200,10000468,3
161200,10001706,5
161207,10000381,3
161214,10001328,5
161263,10004838,7
161263,10004757,3
161263,10002115,3
161263,10003059,1
161263,10004330,5
161396,10002622,2
161396,10000418,5
161473,10001297,2
161473,10001574,3
161473,10003305,3
161480,10004015,2
161613,10003746,3
161662,10003465,2
161669,10001294,4
161669,10001636,4
161669,10002503,2
161683,10000179,4
161683,10001072,4
161718,10002372,5
161718,10000376,4
161718,10002965,2
161781,10000255,7
161809,10004922,3
161816,10003012,3
161823,10002053,2
161844,10001676,3
161844,10003712,2
161956,10001242,4
161956,10001571,2
161956,10002503,5
161956,10004886,3
161956,10001289,3
161956,10003650,2
161956,10001370,5
161984,10004569,1
161984,10000624,2
161991,10004967,5
161991,10001760,7
162082,10001044,7
162103,10000285,2
162138,10004593,6
162138,10001908,1
162208,10004030,1
162278,10000448,4
162278,10000526,5
162313,10003842,6
162362,10000756,3
162362,10000546,4
162369,10000046,2
162404,10000948,4
162481,10002976,2
162481,10003061,3
162537,10003862,1
162537,10004258,3
162565,10001937,2
162565,10004306,1
162565,10003973,2
162572,10003628,5
162572,10001547,6
162621,10000962,5
162635,10002659,4
162677,10001291,5
162677,10001314,3
162691,10000488,3
162691,10003729,7
162726,10004041,4
162733,10002751,1
162775,10001532,3
162775,10003174,6
162775,10004187,3
162775,10000025,6
162859,10000302,4
162866,10002562,4
162901,10000649,2
162929,10000404,6
162978,10003092,5
162978,10002250,3
162978,10003473,1
163020,10000221,7
163034,10000046,5
163055,10001026,1
163055,10003748,5
163055,10002485,1
163090,10002537,5
163125,10004344,7
163125,10001802,3
163139,10000290,3
163139,10002790,3
163139,10003460,5
163153,10004767,2
163153,10001868,1
163160,10003127,3
163160,10000778,4
163160,10001424,3
163167,10004477,3
163167,10003805,6
163195,10003875,3
163293,10000023,4
163321,10004571,1
163384,10004970,4
163384,10003172,5
163398,10000014,1
163398,10002403,3
163419,10000034,1
163419,10000560,2
163419,10000665,5
163510,10000563,3
163531,10001425,3
163552,10003885,3
163552,10003379,3
163552,10000629,9
163552,10001175,5
163559,10002026,3
163587,10004484,4
163587,10003091,3
163685,10001890,8
163685,10002606,10
163692,10003291,3
163762,10001915,3
163783,10002957,3
163790,10001335,7
163790,10003718,6
163790,10004838,3
163790,10002508,3
163790,10001511,7
163881,10003033,2
163881,10000420,8
163895,10004970,1
163902,10000580,6
163979,10003208,4
163986,10000918,5
164042,10000840,2
164042,10001922,1
164049,10000791,5
164091,10001944,3
164091,10004952,2
164147,10002293,5
164147,10002780,9
164154,10001658,3
164154,10002562,5
164168,10000666,5
164168,10002583,3
164168,10004908,1
164168,10001219,2
164168,10004568,2
164168,10001756,3
164210,10000849,2
164210,10002259,4
164224,10000306,3
164259,10003373,4
164308,10004120,6
164329,10001511,2
164336,10002345,3
164336,10001558,3
164350,10000538,3
164357,10001177,5
164364,10000313,3
164364,10000381,3
164427,10004469,6
164441,10001922,11
164441,10001667,3
164448,10002949,2
164448,10003510,14
164469,10002115,5
164469,10003478,11
164469,10000475,1
164483,10000014,2
164511,10003305,3
164511,10002583,2
164511,10004507,4
164539,10002457,5
164588,10003056,3
164616,10001718,4
164616,10004768,2
164630,10000971,4
164637,10003876,3
164721,10000237,6
164721,10000575,4
164735,10001558,5
164784,10004534,3
164784,10002954,2
164819,10001045,5
164826,10001297,7
164826,10001922,7
164826,10000347,3
164833,10000443,2
164833,10004685,2
164882,10000157,1
164882,10004231,3
164882,10001578,4
164896,10002246,2
164917,10004344,5
164938,10004897,7
164973,10002602,1
164973,10002927,2
164973,10000892,4
164973,10002974,1
165029,10003504,3
165050,10001336,6
165057,10004648,9
165078,10001989,5
165078,10002987,2
165078,10000414,5
165085,10002518,2
165148,10000732,5
165169,10001496,2
165169,10000122,2
165169,10000407,3
165204,10003716,4
165218,10000056,3
165218,10001558,1
165309,10001359,5
165309,10003582,3
165309,10001033,8
165309,10004959,3
165316,10002956,2
165316,10003266,2
165344,10002210,7
165344,10003196,10
165379,10002245,3
165386,10003034,2
165414,10002293,3
165428,10002949,3
165428,10004100,6
165449,10004127,4
165491,10000359,7
165540,10004094,5
165603,10000798,2
165603,10002552,2
165624,10000828,3
165624,10002319,5
165624,10002499,2
165624,10004568,9
165624,10001492,3
165659,10002563,7
165687,10004036,2
165757,10003166,3
165757,10003982,5
165757,10004835,2
165841,10000898,5
165841,10001144,3
165848,10000349,3
165848,10000362,1
165862,10002855,3
165953,10000588,3
165953,10002250,5
165974,10003405,7
166128,10001767,5
166128,10001221,7
166135,10002974,4
166142,10004094,3
166142,10004607,3
166163,10004896,3
166163,10000452,1
166191,10003455,2
166191,10004659,7
166198,10004622,3
166226,10003357,1
166296,10004359,3
166317,10004475,4
166317,10004510,6
166317,10002976,8
166415,10004968,3
166436,10000785,6
166443,10004020,7
166457,10003016,3
166464,10000971,2
166464,10001317,4
166471,10000038,2
166485,10004996,2
166520,10000501,3
166576,10002574,2
166611,10001191,9
166674,10000588,3
166674,10001953,6
166674,10003156,3
166674,10004974,3
166709,10004722,3
166849,10004597,2
166863,10000369,2
166863,10000756,4
166863,10001608,4
166863,10000587,2
166863,10004123,7
166884,10000021,5
166884,10001561,6
166954,10001391,3
166954,10003973,5
166989,10004470,2
166989,10001797,2
167003,10001520,3
167010,10004036,7
167010,10003816,4
167010,10002072,4
167010,10000347,5
167010,10002844,2
167010,10001037,1
167094,10003953,1
167094,10000155,2
167094,10003116,2
167101,10000357,4
167101,10001266,2
167150,10001597,2
167164,10000107,2
167220,10002018,4
167262,10000486,8
167290,10004078,2
167339,10000785,7
167360,10001772,7
167381,10000134,9
167507,10002878,1
167556,10000466,2
167556,10000317,7
167584,10000029,1
167633,10004888,3
167661,10002571,5
167661,10002581,2
167668,10004544,4
167703,10002071,3
167703,10001490,2
167738,10003306,1
167745,10003602,2
167745,10001591,2
167752,10000159,1
167759,10003171,3
167850,10002398,2
167850,10001937,3
167871,10001977,1
167871,10001225,1
167899,10001988,3
167941,10002118,3
167941,10001800,6
167941,10002827,8
167941,10004671,2
168004,10001482,3
168081,10003174,3
168102,10001370,2
168109,10003628,2
168116,10004125,4
168116,10002457,2
168123,10002763,2
168123,10000877,4
168123,10001071,2
168130,10000988,7
168193,10002254,1
168228,10003373,4
168228,10000390,3
168354,10001490,9
168354,10004826,3
168396,10001297,5
168396,10000723,3
168459,10003712,2
168459,10004854,6
168480,10000468,4
168480,10001044,1
168494,10004619,6
168494,10003473,12
168494,10004467,3
168536,10002323,3
168564,10004970,2
168564,10000785,1
168592,10004785,5
168592,10002406,1
168592,10002988,2
168620,10001575,3
168620,10003716,3
168620,10004469,8
168641,10003759,9
168641,10000780,2
168655,10002842,5
168690,10000145,3
168732,10003087,1
168732,10000520,4
168746,10000513,2
168746,10000895,4
168746,10002555,1
168753,10000984,5
168767,10000773,2
168823,10004000,3
168823,10004425,9
168858,10001415,3
168893,10001770,3
168893,10003772,1
168893,10003392,3
168900,10003910,1
168956,10000302,4
168956,10004754,3
168956,10000809,1
168984,10000038,4
169026,10001883,3
169033,10001915,5
169040,10002834,3
169040,10001636,7
169040,10001736,7
169040,10000482,5
169040,10001658,3
169103,10004006,3
169194,10002167,3
169194,10003988,2
169201,10000696,3
169215,10000936,9
169264,10001613,2
169264,10000245,6
169285,10004971,1
169320,10003602,2
169397,10004000,6
169397,10002852,4
169397,10000087,4
169397,10001958,2
169726,10004600,7
169775,10001749,2
169775,10004390,4
169775,10001857,3
169789,10004600,5
169810,10003663,7
169817,10004141,2
169859,10000174,14
169859,10000461,5
169894,10004230,2
169894,10000060,8
169922,10003784,4
169922,10004415,7
169943,10001563,5
169943,10004123,5
169943,10002088,4
169943,10000008,8
169957,10003063,4
169971,10002804,1
169971,10001044,3
169978,10002602,2
169978,10001900,3
