id,customer_id,provider,credit_card_number,expiry
143,10015,maestro,676339716224458000,2021/11/27
144,10045,americanexpress,374283967821133,2022/03/28
145,10060,jcb,3556792121444750,2021/05/12
146,10075,jcb,3585024581464750,2021/07/15
147,10090,instapayment,6399245151231470,2021/11/23
148,10105,visa,4041375019957,2021/11/17
149,10120,bankcard,5610736995372840,2021/11/21
150,10135,maestro,6049324301703100,2021/12/29
151,10150,maestro,6761351671354530000,2022/03/03
152,10165,jcb,3573125253638690,2021/12/08
153,10180,americanexpress,371215994929094,2022/03/04
154,10195,jcb,3569011623477420,2021/06/06
155,10210,diners-club-carte-blanche,30390145075577,2021/05/29
156,10225,visa,4041374104071060,2021/12/27
157,10240,solo,6767273743585650000,2021/06/26
158,10255,jcb,3529613457610560,2021/11/05
159,10270,jcb,3541767515549460,2022/02/21
160,10285,mastercard,5362364907227840,2021/05/16
161,10300,mastercard,5002359375160490,2021/11/07
162,10315,china-unionpay,5602225706409100000,2021/12/18
163,10330,mastercard,5102069846240840,2021/12/17
164,10345,switch,6333094620492530000,2021/10/31
165,10360,maestro,6762435093418560000,2022/02/13
166,10375,americanexpress,379895410459495,2021/12/11
167,10390,bankcard,5602257423688630,2021/09/30
168,10405,maestro,67630673370064900,2021/08/19
169,10420,mastercard,5100175368136330,2021/10/17
170,10435,china-unionpay,560225329375114000,2022/01/19
171,10450,laser,67063205923878000,2021/07/31
172,10465,switch,6333699290297930000,2021/09/30
173,10480,jcb,3579860528948700,2022/03/20
174,10495,mastercard,5416563167136940,2021/08/18
175,10510,mastercard,5108758528139710,2021/07/07
176,10525,diners-club-carte-blanche,30282511710319,2021/12/15
177,10540,jcb,3572965662461380,2021/10/12
178,10555,jcb,3538748610009770,2021/11/17
179,10585,jcb,3528232694842510,2021/05/28
180,10600,jcb,3577671793766500,2022/03/27
181,10615,jcb,3581717515220980,2022/03/16
182,10630,jcb,3528307410113950,2022/03/19
183,10645,jcb,3589086615253530,2021/12/21
184,10660,switch,564182097552301000,2021/07/20
185,10675,china-unionpay,56022532865479200,2021/10/25
186,10690,diners-club-us-ca,5482621818728130,2022/01/31
187,10705,jcb,3547764168056670,2022/03/24
188,10720,mastercard,5167498121067260,2021/07/20
189,10735,jcb,3542739653032080,2021/11/19
190,10765,diners-club-enroute,201958355396017,2022/01/18
191,10780,laser,6771797964673910000,2021/11/15
192,10795,visa-electron,4405716719087580,2021/07/21
193,10825,jcb,3572077457627320,2021/10/20
194,10840,maestro,501887694729267000,2022/01/27
195,10855,visa-electron,4405229042424220,2021/12/14
196,10870,jcb,3570429962739620,2021/09/24
197,10885,mastercard,5100174547909830,2022/03/20
198,10900,americanexpress,374622549767217,2021/05/26
199,10915,jcb,3540257304527310,2021/06/28
200,10930,diners-club-us-ca,5440417786353320,2021/07/08
201,10945,jcb,3549304963488660,2022/03/16
202,10960,jcb,3571624277465880,2021/12/22
203,10975,jcb,3544818166418110,2021/05/11
204,10990,solo,6334729775852650000,2021/04/09
205,11005,jcb,3545943478221340,2021/09/30
206,11020,jcb,3589535795249720,2021/05/19
207,11080,jcb,3554380779247190,2021/10/31
208,11095,jcb,3538634672760470,2022/02/07
209,11110,jcb,3585046837345600,2021/10/10
210,11125,jcb,3586481127389310,2021/07/27
211,11140,jcb,3573424267429550,2021/08/28
212,11155,diners-club-enroute,201402790973973,2021/06/11
213,11170,jcb,3587869189621710,2021/05/18
214,11185,switch,4911188014277430,2021/12/03
215,11200,jcb,3584559125118510,2022/01/05
216,11215,mastercard,5111616953171380,2022/03/29
217,11230,jcb,3579015399052800,2021/12/11
218,11245,jcb,3538650342442430,2021/06/29
219,11260,instapayment,6395862720341590,2021/06/14
220,11275,jcb,3552183085760570,2022/03/18
221,11290,jcb,3588378999239930,2022/02/20
222,11305,jcb,3560412135892350,2022/01/06
223,11320,jcb,3563649769164450,2021/04/25
224,11335,jcb,3572263688600670,2021/08/11
225,11350,diners-club-enroute,201510270458099,2021/04/27
226,11365,diners-club-enroute,201932035780288,2021/07/18
227,11380,jcb,3575772179957040,2021/11/10
228,11395,jcb,3575519586151710,2021/09/25
229,11410,laser,67093262528242300,2021/04/12
230,11425,jcb,3539893589467180,2021/04/12
231,11440,diners-club-carte-blanche,30156656724865,2021/05/22
232,11455,jcb,3538937421471500,2022/01/02
233,11470,maestro,604115946453186,2021/04/23
234,11485,jcb,3554800837131420,2021/06/09
235,11500,mastercard,5010121987852650,2021/09/28
236,11515,jcb,3545271308763320,2022/03/14
237,11530,visa-electron,4405456104160120,2021/12/05
238,11545,jcb,3556669709896800,2022/01/01
239,11575,china-unionpay,5602251844010910000,2021/11/26
240,11590,visa,4017957280662,2021/12/30
241,11605,americanexpress,346069997803349,2021/12/24
242,11620,jcb,3571507699059170,2021/06/19
243,11635,bankcard,5602226660013400,2022/01/30
244,11650,china-unionpay,56102004538441000,2021/10/10
245,11665,jcb,3573451817826880,2022/01/19
246,11680,jcb,3577172861734360,2021/08/13
247,11695,jcb,3580277999441360,2021/05/04
248,11710,jcb,3547646269639670,2021/04/08
249,11725,bankcard,5602217284981980,2021/07/25
250,11740,jcb,3572342984772490,2021/10/26
251,11755,china-unionpay,560221540300705000,2021/11/27
252,11770,mastercard,5100170996533620,2021/12/01
253,11785,jcb,3539954461326970,2021/08/04
254,11800,visa-electron,4917217382350870,2021/04/14
255,11815,americanexpress,372301821571579,2021/11/11
256,11845,maestro,58938426868741700,2021/06/20
257,11860,visa-electron,4405382126261930,2021/07/01
258,11890,jcb,3536296981568830,2021/10/03
259,11905,mastercard,5108755078529410,2021/10/11
260,11920,maestro,5038646557248940000,2021/12/01
261,11935,jcb,3582687851765650,2021/09/14
262,11950,laser,63042489521392900,2022/02/14
263,11965,mastercard,5002350667609630,2021/04/29
264,11980,jcb,3543186520840930,2022/04/02
265,11995,jcb,3531006191358410,2021/05/30
266,12010,jcb,3546965032127610,2021/04/29
267,12025,visa-electron,4026787924718860,2022/03/26
268,12040,jcb,3558131228072540,2022/03/20
269,12055,jcb,3545424133093070,2022/02/07
270,12070,jcb,3584241072221000,2022/02/17
271,12085,diners-club-enroute,201510266977458,2021/11/20
272,12100,diners-club-enroute,201933397820068,2022/01/18
273,12115,mastercard,5304006471130100,2021/08/29
274,12130,jcb,3578905523107830,2021/10/13
275,12145,americanexpress,337941853803590,2022/02/15
276,12160,jcb,3570536463368370,2021/04/24
277,12190,jcb,3555516857762640,2021/07/12
278,12205,americanexpress,371814410187079,2022/01/25
279,12220,jcb,3567262589671850,2021/11/29
280,12235,laser,6709422466897770,2022/02/08
281,12250,jcb,3532982000703840,2021/08/22
282,12265,jcb,3540062520567100,2021/10/09
283,12280,switch,4903567463959980000,2021/11/28
284,12295,diners-club-international,36217835835164,2021/07/12
285,12310,maestro,6762465710138450000,2021/06/03
286,12325,jcb,3588319975052560,2022/04/03
287,12340,americanexpress,374283769766353,2021/06/29
288,12355,china-unionpay,5602223395211220,2022/03/30
289,12370,jcb,3536492347857800,2021/07/24
290,12385,jcb,3582573679658240,2021/10/14
291,12400,diners-club-enroute,201677606738690,2021/09/20
292,12415,visa,4017958483001560,2021/12/20
293,12430,jcb,3530131686667260,2021/12/24
294,12445,jcb,3541600502339960,2021/07/02
295,12460,mastercard,5499866754535840,2021/04/08
296,12475,china-unionpay,5602215612016790000,2021/06/13
297,12505,switch,6331108005743100000,2021/05/02
298,12520,jcb,3548694328745460,2021/10/18
299,12535,jcb,3564169668139810,2021/06/28
300,12550,jcb,3561630251195450,2022/01/13
301,12565,china-unionpay,5602213203755260000,2021/09/04
302,12580,switch,491156646603788000,2022/02/11
303,12595,laser,6771524634790590,2022/01/06
304,12610,mastercard,5010125425922780,2021/04/13
305,12625,americanexpress,344643563917519,2021/04/10
306,12640,visa-electron,4026251201903070,2021/09/25
307,12655,china-unionpay,560225040217288000,2022/04/02
308,12670,mastercard,5048379847842040,2021/08/23
309,12685,mastercard,5007666822364960,2021/08/20
310,12700,china-unionpay,5602237611571810000,2021/05/17
311,12730,jcb,3563258108812890,2021/08/06
312,12745,jcb,3538409002573800,2022/03/28
313,12760,visa,4017955399696,2021/08/30
314,12775,jcb,3531214385087840,2021/09/23
315,12790,jcb,3543530832640330,2021/07/18
316,12805,jcb,3579638695005100,2021/04/25
317,12835,bankcard,5602225070269760,2021/05/11
318,12850,china-unionpay,5602212812575310000,2021/07/11
319,12865,bankcard,5602230318283490,2021/06/02
320,12880,mastercard,5100170423066730,2021/04/24
321,12895,jcb,3584566517377220,2021/07/16
322,12910,china-unionpay,56022145682119800,2021/10/07
323,12925,jcb,3564200722085150,2021/09/21
324,12940,jcb,3571871153957810,2021/10/29
325,12955,switch,4911678672915680000,2021/10/28
326,12970,jcb,3563132303781470,2022/01/02
327,12985,mastercard,5048370579160750,2021/06/21
328,13000,jcb,3557100709958970,2022/01/05
329,13015,jcb,3529359250392080,2022/04/07
330,13030,maestro,5893120744134820,2022/01/09
331,13045,jcb,3580702429214440,2021/06/05
332,13060,americanexpress,374622483895511,2021/05/11
333,13075,jcb,3534297580923430,2022/01/20
334,13090,diners-club-international,36543424266580,2021/05/18
335,13105,diners-club-enroute,201715059461913,2022/03/01
336,13120,americanexpress,340726642264328,2021/10/21
337,13135,americanexpress,340521557135559,2021/07/24
338,13150,diners-club-international,36293900983106,2021/04/11
339,13165,mastercard,5100175745522990,2021/06/21
340,13180,switch,564182546309269000,2021/09/09
341,13195,jcb,3534439112364690,2021/04/28
342,13210,diners-club-international,36160912464153,2022/01/11
343,13225,china-unionpay,5602256155808330,2021/07/18
344,13240,maestro,501827282264038000,2021/07/12
345,13255,americanexpress,337941865026172,2021/07/05
346,13270,mastercard,5137946607889110,2022/03/04
347,13285,switch,6759571224798800,2021/09/18
348,13300,jcb,3571007814891510,2022/01/09
349,13315,jcb,3574001073061260,2021/12/08
350,13330,mastercard,5502483091241080,2022/01/06
351,13345,switch,6333251591886430,2021/07/18
352,13375,americanexpress,374622449610459,2021/12/31
353,13390,jcb,3533456772658200,2021/07/13
354,13405,diners-club-carte-blanche,30131642447418,2022/01/01
355,13420,switch,633110109820921000,2022/01/09
356,13435,jcb,3543892129814810,2022/03/16
357,13450,diners-club-carte-blanche,30058605858267,2021/06/15
358,13465,jcb,3566089175767660,2021/09/06
359,13480,jcb,3580771119210420,2021/08/25
360,13495,jcb,3585952263828620,2022/01/17
361,13510,jcb,3572755951067650,2021/07/03
362,13540,jcb,3574785614536950,2022/04/03
363,13555,visa-electron,4405868710675640,2021/08/05
364,13570,visa-electron,4175009354318040,2022/01/29
365,13585,maestro,501816110775775000,2021/08/11
366,13600,mastercard,5493922477025560,2021/08/04
367,13615,bankcard,5610202375358440,2021/05/26
368,13630,diners-club-enroute,201792341930609,2021/05/23
369,13660,jcb,3542239714558300,2022/01/12
370,13675,jcb,3577636630109290,2021/09/24
371,13690,diners-club-us-ca,5433144563270860,2021/10/24
372,13705,mastercard,5048373666531560,2022/02/19
373,13720,diners-club-enroute,201449481295679,2022/02/17
374,13735,maestro,67638077519490000,2022/02/02
375,13750,mastercard,5002350375557190,2022/02/23
376,13765,instapayment,6393823693291370,2021/05/30
377,13780,mastercard,5100149696281480,2021/07/05
378,13795,jcb,3551511757338840,2022/02/14
379,13810,jcb,3551738520295120,2021/12/13
380,13825,jcb,3557266669775160,2021/09/25
381,13840,jcb,3578868109705200,2022/03/20
382,13855,china-unionpay,5610654044467440,2021/08/07
383,13870,jcb,3540859098323230,2021/07/09
384,13885,americanexpress,337941053410634,2021/12/12
385,13900,switch,6759178476526070,2021/12/30
386,13915,mastercard,5100140697486770,2021/10/03
387,13930,americanexpress,374288957955155,2021/12/23
388,13945,jcb,3560160786774380,2021/08/20
389,13960,switch,6331105969775400,2021/09/03
390,13975,diners-club-us-ca,5548033165936330,2021/04/25
391,13990,visa,4041598284076970,2021/10/21
392,14005,jcb,3538990131011790,2022/03/18
393,14020,jcb,3536051557343470,2021/09/24
394,14035,mastercard,5048377122276260,2021/09/10
395,14050,mastercard,5157706740105170,2021/06/01
396,14065,maestro,675966393828821000,2021/05/27
397,14080,switch,491153196670649000,2021/08/21
398,14095,jcb,3579011501100540,2021/10/01
399,14110,mastercard,5100148293613290,2021/12/05
400,14125,jcb,3579755849604980,2021/07/16
401,14140,visa-electron,4508312170927320,2021/05/13
402,14155,jcb,3568281288283800,2021/10/17
403,14170,jcb,3548145857606210,2021/06/20
404,14185,diners-club-us-ca,5511738997492770,2021/07/17
405,14215,jcb,3577687058792730,2022/01/14
406,14230,visa,4807136236308,2022/01/24
407,14260,jcb,3546538748293020,2021/11/11
408,14275,jcb,3546930180643650,2021/09/13
409,14290,jcb,3541701054197840,2021/05/24
410,14305,diners-club-enroute,201912181199079,2021/05/12
411,14320,visa,4041594356695090,2022/01/12
412,14350,visa-electron,4913715929919760,2021/05/08
413,14365,laser,630446712226313000,2021/08/03
414,14380,mastercard,5100174228616230,2021/11/29
415,14410,jcb,3550893443043100,2021/07/19
416,14425,instapayment,6381815016723430,2021/11/16
417,14440,americanexpress,340541958532303,2021/12/01
418,14455,diners-club-carte-blanche,30030609739322,2021/11/13
419,14470,switch,4911842407411510000,2021/09/20
420,14485,bankcard,5602258199194230,2022/03/14
421,14515,diners-club-carte-blanche,30206644179993,2021/09/03
422,14530,mastercard,5100130619957350,2021/10/25
423,14545,china-unionpay,56109920189303300,2021/12/03
424,14560,maestro,6761311432614640,2021/10/20
425,14575,diners-club-enroute,201752900028799,2022/03/19
426,14590,jcb,3581005793515670,2021/09/15
427,14605,americanexpress,377056113449752,2021/09/28
428,14620,laser,677161690753644000,2021/09/24
429,14635,jcb,3538040940185260,2021/07/11
430,14650,jcb,3542622398150790,2021/09/11
431,14665,visa-electron,4175007808805090,2022/02/01
432,14680,maestro,5018591644427440000,2021/08/20
433,14695,jcb,3571037752920450,2022/02/11
434,14710,jcb,3573827793632970,2021/09/29
435,14725,jcb,3564687460280900,2021/09/29
436,14740,mastercard,5100139975019990,2021/11/16
437,14755,jcb,3558572648080470,2021/06/19
438,14770,jcb,3550492717724530,2021/09/10
439,14815,jcb,3533141850087370,2021/12/29
440,14830,jcb,3561717722181390,2021/11/22
441,14845,bankcard,5602232038707050,2022/01/02
442,14860,visa,4017954887134270,2022/02/27
443,14875,diners-club-carte-blanche,30508320533652,2021/04/18
444,14890,diners-club-enroute,201695692440310,2022/04/07
445,14905,jcb,3551944589741680,2021/12/09
446,14920,visa,4041591076278,2021/10/17
447,14935,mastercard,5219335891078560,2021/04/25
448,14950,mastercard,5002355835608670,2021/12/26
449,14965,jcb,3544095786792200,2021/12/07
450,14995,jcb,3565781045970590,2021/12/25
451,15010,jcb,3532557057051650,2021/07/05
452,15025,visa-electron,4913362041271230,2022/02/23
453,15040,jcb,3531431013940590,2022/01/14
454,15070,mastercard,5007667516738050,2022/02/09
455,15085,jcb,3540596243928300,2021/12/24
456,15100,maestro,50188595833753400,2021/12/16
457,15115,jcb,3556527573706520,2021/05/30
458,15130,diners-club-enroute,201466513744805,2021/08/08
459,15145,mastercard,5108750916008400,2021/09/06
460,15160,laser,6706823748926150000,2021/05/26
461,15175,china-unionpay,5602257224343790000,2021/08/19
462,15190,maestro,6304609668364560000,2021/04/08
463,15205,visa-electron,4405018099714230,2021/12/14
464,15220,maestro,5018414161618880000,2022/03/26
465,15235,jcb,3565601107281260,2021/11/19
466,15250,diners-club-carte-blanche,30236020698878,2021/08/02
467,15265,solo,6767546210075830,2022/01/26
468,15280,americanexpress,374288246669955,2021/08/31
469,15295,mastercard,5173857506566590,2021/11/12
470,15310,visa,4041590248143600,2022/02/24
471,15340,maestro,503851587860782000,2021/08/08
472,15355,maestro,5018831081589170000,2022/02/27
473,15370,visa-electron,4405881628363770,2021/07/25
474,15385,jcb,3564375955444870,2021/08/13
475,15400,jcb,3532579023784620,2021/07/28
476,15415,mastercard,5007667647590130,2021/12/15
477,15430,diners-club-enroute,201982822740276,2021/09/13
478,15445,diners-club-carte-blanche,30513096053638,2021/06/25
479,15460,diners-club-us-ca,5400592573421110,2021/10/10
480,15475,china-unionpay,5602212129795150,2021/06/08
481,15490,jcb,3541877687831460,2021/11/05
482,15505,mastercard,5010127087168290,2022/04/07
483,15520,maestro,6761767584570970,2021/07/24
484,15535,visa-electron,4405784023548380,2021/04/24
485,15550,jcb,3537385607003090,2022/02/21
486,15565,jcb,3544678830918170,2022/04/03
487,15595,jcb,3571115926689090,2022/03/26
488,15610,jcb,3568337731352170,2021/06/02
489,15625,bankcard,5610084869519950,2021/10/15
490,15640,jcb,3580606275764410,2021/12/28
491,15655,mastercard,5010124033650430,2021/10/26
492,15670,jcb,3529296545192940,2022/01/29
493,15685,diners-club-enroute,201530004983527,2021/12/29
494,15715,bankcard,5602214026912500,2022/01/16
495,15730,jcb,3580393321354940,2021/04/11
496,15745,diners-club-enroute,201406946435837,2022/03/16
497,15760,jcb,3534421160465550,2021/09/13
498,15775,visa-electron,4026877907966920,2022/03/22
499,15790,jcb,3549896206542260,2021/05/17
500,15805,bankcard,5610339041731640,2021/05/28
501,15820,jcb,3589031687167610,2021/11/13
502,15835,jcb,3551063846285630,2021/06/08
503,15850,jcb,3548140700757740,2021/09/09
504,15865,jcb,3567649167629940,2021/10/26
505,15880,diners-club-enroute,201699441724420,2021/06/16
506,15895,maestro,676101909505072000,2021/04/10
507,15910,jcb,3529802666343730,2021/07/17
508,15925,maestro,676311956044956000,2021/05/15
509,15940,jcb,3571688870884810,2021/12/28
510,15955,jcb,3533824223295760,2021/10/25
511,15970,diners-club-carte-blanche,30436559128806,2022/01/10
512,15985,jcb,3556479820885160,2021/08/22
513,16000,china-unionpay,5602223218725990000,2021/11/05
514,16015,bankcard,5602236947744040,2021/04/22
515,16030,jcb,3579761567831170,2022/02/02
516,16045,jcb,3534864326288720,2021/06/17
517,16060,mastercard,5002351507183960,2021/09/22
518,16075,jcb,3588408128440460,2022/02/15
519,16105,diners-club-us-ca,5561203458541140,2022/01/24
520,16120,laser,67096699934599100,2022/02/09
521,16135,mastercard,5581088903501050,2021/11/16
522,16150,jcb,3570843530116850,2021/05/06
523,16165,mastercard,5100141949901130,2021/04/21
524,16180,switch,675948050629469000,2021/12/22
525,16195,americanexpress,340025581695380,2021/12/13
526,16210,jcb,3534533787125580,2021/06/11
527,16225,jcb,3566417505987200,2021/10/12
528,16240,laser,670667745929673000,2022/01/09
529,16255,solo,676725154306368000,2021/12/29
530,16270,americanexpress,374622382257375,2021/10/26
531,16285,china-unionpay,560221997119820000,2022/02/13
532,16300,jcb,3571767927806890,2021/05/02
533,16315,laser,6304828256722170000,2022/03/17
534,16330,visa,4017952289530580,2021/08/06
535,16345,maestro,50183806488170000,2021/07/10
536,16375,americanexpress,375889531563370,2022/01/15
537,16405,visa-electron,4844594503738670,2022/03/27
538,16420,americanexpress,374283748920691,2021/10/09
539,16435,mastercard,5572969431972170,2021/09/21
540,16450,mastercard,5123797974916920,2021/11/15
541,16465,laser,6709625952669340000,2022/03/29
542,16480,mastercard,5508194761977930,2021/05/27
543,16495,china-unionpay,5602236107379830000,2021/09/24
544,16510,jcb,3534783531156890,2022/02/14
545,16525,jcb,3581924256181720,2021/09/27
546,16540,instapayment,6385672330130950,2021/06/04
547,16555,jcb,3587580008065370,2021/06/13
548,16570,diners-club-carte-blanche,30043173978275,2021/09/18
549,16585,jcb,3588866769334740,2021/10/10
550,16600,jcb,3588375459849990,2021/12/06
551,16615,jcb,3555435517556130,2022/01/22
552,16630,maestro,6042749364523370,2021/12/09
553,16645,mastercard,5489710374095690,2021/08/24
554,16660,mastercard,5118176842702800,2021/06/04
555,16675,jcb,3554559503116990,2021/12/07
556,16690,jcb,3564290533585620,2021/08/12
557,16705,americanexpress,372301268320019,2021/05/17
558,16720,diners-club-us-ca,5473687299483930,2022/03/12
559,16735,switch,4911545755581630,2021/08/12
560,16750,diners-club-carte-blanche,30293230333556,2022/03/23
561,16765,jcb,3550369357210700,2021/12/27
562,16780,jcb,3569458548853580,2022/02/07
563,16795,jcb,3579678624061940,2022/02/21
564,16810,jcb,3549420417268020,2022/01/21
565,16825,jcb,3568853850710750,2021/11/24
566,16840,instapayment,6377522304912540,2021/04/08
567,16870,diners-club-enroute,201708754224538,2022/02/03
568,16885,visa-electron,4175000597569770,2021/07/26
569,16900,bankcard,5602239857508640,2021/10/05
570,16915,jcb,3563078673138530,2021/06/08
571,16930,jcb,3561879082561110,2021/12/13
572,16945,mastercard,5010125686473930,2021/04/22
573,16975,laser,67091238404440300,2022/03/01
574,16990,china-unionpay,5610628411308600000,2021/11/08
575,17005,visa,4041371713095920,2021/06/01
576,17020,diners-club-carte-blanche,30013940084111,2021/06/27
577,17050,jcb,3567824079619820,2021/07/30
578,17065,mastercard,5007660067730880,2021/04/17
579,17080,jcb,3563494571647710,2021/05/28
580,17095,jcb,3575689882788590,2021/05/21
581,17110,jcb,3530919482892530,2021/09/07
582,17140,americanexpress,337941649047015,2021/04/19
583,17155,jcb,3546119324288720,2021/07/11
584,17170,mastercard,5593887062751280,2021/09/15
585,17185,jcb,3569979270490570,2021/04/26
586,17200,instapayment,6370342735751310,2021/05/15
587,17215,visa-electron,4844861737822010,2021/09/21
588,17230,laser,63042791025473700,2021/09/05
589,17245,diners-club-carte-blanche,30002798936399,2021/05/19
590,17260,switch,6331101216037690000,2021/08/18
591,17275,laser,6304325932153260000,2021/05/15
592,17305,jcb,3576335977701620,2021/07/07
593,17320,americanexpress,372301595025646,2021/04/12
594,17350,solo,6767578891041500000,2022/02/14
595,17365,bankcard,5602234025414790,2021/10/02
596,17380,diners-club-enroute,201822102125584,2022/03/31
597,17395,jcb,3554389571960310,2021/06/08
598,17410,instapayment,6393804260332270,2021/08/08
599,17425,jcb,3558955199174320,2021/06/13
600,17455,laser,677113414227179000,2021/04/18
601,17470,diners-club-carte-blanche,30254570897162,2021/05/10
602,17485,laser,67067111019481400,2021/10/02
603,17500,mastercard,5007669354438170,2021/09/03
604,17515,diners-club-enroute,201860529280467,2022/01/07
605,17530,mastercard,5100137501352890,2021/05/23
606,17545,jcb,3572534628687700,2021/07/10
607,17560,mastercard,5007660983427740,2021/09/01
608,17575,instapayment,6371725212659880,2022/03/13
609,17590,china-unionpay,560221532996252000,2021/07/05
610,17605,jcb,3531551177029230,2021/08/15
611,17620,jcb,3565339399903920,2021/09/01
612,17635,jcb,3571987878650450,2021/12/25
613,17650,instapayment,6397259513535110,2021/06/11
614,17665,jcb,3562949899032230,2021/08/29
615,17680,switch,564182637202875000,2021/07/21
616,17695,jcb,3570857084579430,2021/04/27
617,17710,jcb,3552488673018150,2021/06/26
618,17725,visa-electron,4844060310188380,2021/11/08
619,17740,jcb,3536554712401780,2021/12/26
620,17755,instapayment,6381467083158020,2021/11/08
621,17770,jcb,3571303572847780,2021/12/21
622,17785,jcb,3586983635616030,2021/09/18
623,17800,jcb,3539093864963060,2021/06/19
624,17815,americanexpress,343739812785300,2021/05/06
625,17830,instapayment,6392039266641920,2022/03/13
626,17845,visa-electron,4917232868176440,2022/03/11
627,17860,americanexpress,337941428023054,2021/09/01
628,17875,visa-electron,4508659810375410,2022/01/12
629,17890,jcb,3571032938876800,2021/06/29
630,17905,diners-club-carte-blanche,30405286980664,2022/02/02
631,17920,bankcard,5602240062982830,2022/02/26
632,17935,mastercard,5002354538129430,2021/08/24
633,17950,americanexpress,346293045812223,2022/04/02
634,17965,jcb,3533324964231850,2021/10/30
635,17980,jcb,3570020150038860,2022/03/02
636,17995,jcb,3536461199364330,2021/06/22
637,18010,jcb,3557232768179630,2021/10/24
638,18025,mastercard,5048372992468030,2021/09/26
639,18040,jcb,3582875608716660,2021/04/20
640,18055,jcb,3545937321888490,2021/11/26
641,18070,mastercard,5108757761998780,2021/06/17
642,18085,jcb,3583575591557800,2022/02/13
643,18100,china-unionpay,5602256004788400000,2021/10/13
644,18115,bankcard,5602217394726340,2021/10/04
645,18130,china-unionpay,5602230631301020,2021/11/21
646,18145,jcb,3589244931573400,2021/05/07
647,18160,switch,4936153377838120,2021/09/29
648,18175,jcb,3580413653675250,2021/11/27
649,18190,visa,4041371092921860,2021/05/17
650,18220,visa-electron,4917422664289000,2021/05/28
651,18235,switch,4936370644932130000,2022/01/11
652,18280,bankcard,5602250626290430,2022/04/06
653,18295,jcb,3574121818448920,2021/05/15
654,18310,jcb,3589024328470580,2021/09/01
655,18325,instapayment,6397656221180150,2022/02/28
656,18340,visa,4041371485327,2021/11/25
657,18355,visa,4041590319182,2021/08/21
658,18370,jcb,3587936796864920,2021/12/07
659,18385,jcb,3580997358253740,2021/05/09
660,18400,jcb,3543605941677160,2021/06/03
661,18415,jcb,3557609611612960,2022/03/03
662,18430,jcb,3589825264236670,2021/06/30
663,18445,jcb,3561740309485870,2021/12/07
664,18460,china-unionpay,560225700667653000,2022/01/04
665,18475,solo,633493877591038000,2021/11/30
666,18490,visa,4041597757384,2021/12/14
667,18505,jcb,3550498478397820,2022/02/10
668,18520,diners-club-carte-blanche,30089640042302,2021/05/24
669,18535,americanexpress,374622636510090,2021/05/25
670,18550,jcb,3558538292168870,2022/01/08
671,18565,bankcard,5602244170935490,2022/03/01
672,18595,maestro,5893307459365980,2021/12/04
673,18610,visa,4017951964759310,2021/12/19
674,18625,diners-club-us-ca,5558560804177320,2021/07/15
675,18640,visa,4041376750261110,2021/04/26
676,18655,jcb,3576784115302570,2021/07/29
677,18670,china-unionpay,56022375049373700,2021/06/04
678,18685,mastercard,5117469291383810,2021/11/16
679,18700,visa,4041373818193470,2021/08/19
680,18715,mastercard,5169843362898540,2022/01/12
681,18730,switch,5641826627754590,2022/01/22
682,18745,jcb,3579148704867910,2021/12/20
683,18760,solo,676708921123967000,2021/09/30
684,18775,jcb,3576985492836740,2022/01/16
685,18790,jcb,3565013358434040,2021/12/12
686,18805,switch,4903766924253680000,2021/08/23
687,18820,jcb,3576566405715900,2021/12/20
688,18835,mastercard,5010127526576160,2022/03/05
689,18850,jcb,3577769842748050,2022/03/02
690,18865,solo,6334834903718090,2021/12/27
691,18880,jcb,3539452205252060,2021/06/15
692,18895,jcb,3578584386948120,2022/02/23
693,18910,maestro,6762540950438420000,2021/08/25
694,18925,maestro,6304754252858610000,2021/09/10
695,18940,jcb,3587448431237230,2021/09/02
696,18955,bankcard,5602228098782160,2022/03/16
697,18970,switch,6759849182055740000,2022/01/15
698,18985,jcb,3564947665451890,2022/02/06
699,19000,jcb,3535611578556840,2021/11/11
700,19015,laser,6709597609721630,2022/01/21
701,19030,mastercard,5108757805300260,2022/02/05
702,19045,mastercard,5516315656515410,2022/02/03
703,19060,jcb,3572991488141320,2022/02/27
704,19075,bankcard,5602258144633740,2021/04/26
705,19105,jcb,3539037785249500,2021/05/06
706,19120,maestro,5020614388822590000,2021/07/05
707,19135,jcb,3564647135851650,2022/04/01
708,19150,bankcard,5602246886604530,2022/01/06
709,19165,diners-club-carte-blanche,30184076221049,2021/04/24
710,19180,jcb,3553337292270930,2021/07/04
711,19195,diners-club-international,36266433336810,2021/09/11
712,19210,jcb,3539090493568610,2021/09/06
713,19225,jcb,3549817666345700,2021/12/18
714,19240,americanexpress,374622362924820,2021/07/11
715,19255,china-unionpay,56022422119696300,2021/10/10
716,19270,jcb,3559361543172890,2021/06/07
717,19285,jcb,3575173963638190,2021/10/25
718,19300,maestro,67612601132267500,2022/04/04
719,19315,jcb,3545667539202880,2022/01/13
720,19330,visa,4041594486955050,2022/02/15
721,19345,jcb,3547062820630290,2021/10/02
722,19360,diners-club-enroute,201937443633011,2022/02/03
723,19375,jcb,3537359828682770,2021/05/27
724,19390,jcb,3576388349104430,2021/05/23
725,19420,mastercard,5568356102612040,2021/09/06
726,19435,jcb,3582488431633160,2021/07/03
727,19450,visa,4041595108309,2022/02/12
728,19465,jcb,3551152623855030,2021/10/27
729,19480,jcb,3568106859394790,2021/08/03
730,19495,mastercard,5048379562244390,2021/04/20
731,19510,maestro,6304597387535430000,2022/02/11
732,19525,switch,4936023026422910000,2021/05/31
733,19540,mastercard,5100178017246650,2021/07/02
734,19570,diners-club-us-ca,5429977890420690,2021/10/01
735,19585,visa,4017955377666620,2022/01/05
736,19600,visa-electron,4913386518122500,2021/06/17
737,19615,visa,4017952863456090,2021/04/30
738,19630,jcb,3536498095159350,2022/01/26
739,19645,switch,4905555831229660,2021/08/06
740,19660,switch,491121895062346000,2021/09/03
741,19675,americanexpress,342747766611407,2021/08/10
742,19690,jcb,3547858499288760,2021/09/01
743,19705,jcb,3584809744023790,2021/06/10
744,19720,maestro,5038123223512270,2021/05/09
745,19735,jcb,3530625678086530,2022/02/24
746,19750,laser,6771107282263210,2021/04/22
747,19765,diners-club-enroute,201544069767394,2022/02/28
748,19780,jcb,3576571413358540,2022/04/03
749,19795,maestro,5018941356755620000,2021/05/29
750,19810,visa-electron,4026590437357380,2022/01/15
751,19825,mastercard,5514433252483770,2021/04/12
752,19840,jcb,3546546333266810,2021/09/26
753,19855,instapayment,6392308999057220,2022/01/18
754,19885,americanexpress,348544296175563,2022/01/04
755,19900,jcb,3584946942522820,2022/02/01
756,19915,jcb,3554486298971070,2021/09/04
757,19930,maestro,630449379714175000,2022/02/05
758,19945,mastercard,5108757339610470,2021/06/20
759,19960,jcb,3589803379264220,2021/04/23
760,19975,mastercard,5100138573449040,2021/09/03
761,19990,instapayment,6388809039424390,2022/03/04
762,20005,instapayment,6375053787366390,2021/12/03
763,20020,visa-electron,4405163619595280,2022/01/14
764,20035,jcb,3565412596292370,2022/03/28
765,20050,diners-club-enroute,201755734509157,2021/09/25
766,20065,mastercard,5048377207248440,2022/02/24
767,20080,jcb,3555019997203000,2021/12/22
768,20095,mastercard,5179755467946600,2021/08/07
769,20110,maestro,5893483665603010000,2021/08/13
770,20125,jcb,3582473940265120,2022/03/06
771,20140,switch,4936800312220220000,2022/02/03
772,20155,mastercard,5168617456203500,2021/07/02
773,20170,jcb,3535083393702390,2021/11/27
774,20200,jcb,3559986044037900,2022/02/20
775,20215,maestro,6304813613905230,2021/08/24
776,20230,jcb,3549895933625820,2022/01/20
777,20245,jcb,3581036083676240,2021/10/25
778,20260,jcb,3570429544452500,2022/03/14
779,20275,bankcard,5602226058997970,2021/11/02
780,20290,jcb,3532027218439370,2022/04/07
781,20305,visa,4017954860460900,2021/10/05
782,20320,visa-electron,4913216354766200,2021/08/17
783,20335,visa,4918736391409,2021/09/03
784,20350,jcb,3533741986487060,2021/10/06
785,20365,maestro,6761668684998060,2022/02/21
786,20380,jcb,3589564701790630,2021/06/16
787,20395,switch,491159710093371000,2021/11/19
788,20425,jcb,3539265282840350,2022/02/09
789,20440,americanexpress,374283867330045,2021/06/17
790,20470,diners-club-carte-blanche,30053089030897,2021/08/27
791,20485,switch,490519111108997000,2021/11/23
792,20500,jcb,3548258412811020,2022/03/02
793,20530,jcb,3567832643488490,2021/08/12
794,20545,mastercard,5346160210886240,2022/01/13
795,20560,diners-club-enroute,201701459302196,2021/10/02
796,20575,mastercard,5415673547971940,2021/10/13
797,20590,jcb,3572476574921490,2021/04/17
798,20605,china-unionpay,560225845667522000,2022/02/03
799,20620,mastercard,5536132130346420,2022/02/21
800,20650,jcb,3566042326068430,2021/06/28
801,20665,laser,6706445396165330,2022/01/05
802,20680,jcb,3538720511152590,2022/03/22
803,20695,bankcard,5610034126567350,2021/06/05
804,20710,maestro,58931892038176000,2021/10/20
805,20725,jcb,3561239783901820,2021/08/27
806,20740,jcb,3539473356335520,2021/12/13
807,20755,jcb,3561423809917160,2021/11/20
808,20770,jcb,3575143044509720,2021/06/20
809,20785,jcb,3560799003253460,2021/08/15
810,20800,mastercard,5010128745455860,2021/10/05
811,20815,bankcard,5602240707400050,2022/01/10
812,20830,jcb,3568578392414920,2021/08/31
813,20860,diners-club-carte-blanche,30270537788302,2021/11/04
814,20875,mastercard,5100134578377160,2022/03/20
815,20890,jcb,3566752360402140,2022/02/25
816,20920,visa,4636663853528,2021/12/05
817,20935,jcb,3533918413542500,2021/05/09
818,20950,maestro,5893876156445750000,2021/06/09
819,20965,bankcard,5602211802866180,2022/03/04
820,20980,diners-club-enroute,201573664790717,2021/05/19
821,20995,mastercard,5048374069651610,2021/11/24
822,21010,jcb,3584000793745990,2021/08/03
823,21025,visa,4237743810636,2021/04/27
824,21040,china-unionpay,5610227281525900000,2021/08/04
825,21055,jcb,3536459607533020,2021/08/22
826,21070,visa-electron,4508220295351420,2022/02/07
827,21085,laser,6771067326501770,2021/07/10
828,21100,visa,4017956434264100,2021/08/20
829,21130,diners-club-carte-blanche,30368790069467,2021/06/14
830,21160,jcb,3583650246276680,2021/07/29
831,21175,jcb,3576123311382680,2021/05/19
832,21190,switch,5641827456214070000,2021/04/24
833,21205,jcb,3534876626614300,2022/01/23
834,21220,jcb,3541805169507170,2021/06/08
835,21235,jcb,3571329012526560,2021/07/15
836,21250,china-unionpay,560222004689620000,2021/06/06
837,21265,china-unionpay,56022463762517300,2021/12/08
838,21280,maestro,5038067394587430,2021/09/04
839,21295,jcb,3543769433399760,2021/06/05
840,21310,jcb,3574553796160380,2021/08/09
841,21325,bankcard,5602250896164360,2021/06/09
842,21340,switch,5641828209781700000,2021/10/16
843,21355,jcb,3566249186687790,2021/08/13
844,21370,jcb,3563177992204540,2021/08/18
845,21385,diners-club-enroute,201795298045479,2021/07/14
846,21400,jcb,3563900788351290,2021/07/06
847,21415,jcb,3549767437521990,2021/04/28
848,21430,jcb,3563055916039500,2021/06/13
849,21460,jcb,3565877796556730,2021/06/12
850,21475,diners-club-carte-blanche,30510602496111,2021/04/19
851,21490,jcb,3545424655456830,2021/11/22
852,21505,americanexpress,374288944872026,2021/05/14
853,21520,china-unionpay,56022565896426600,2021/05/22
854,21535,americanexpress,347898053795810,2021/11/05
855,21550,jcb,3573576150861370,2022/03/20
856,21565,jcb,3572208494659780,2021/09/19
857,21580,diners-club-carte-blanche,30337344330675,2022/03/20
858,21595,visa-electron,4913347260739890,2021/10/07
859,21610,laser,67091921170821200,2021/09/04
860,21625,diners-club-carte-blanche,30244364885713,2021/10/14
861,21640,diners-club-carte-blanche,30065247216697,2021/06/28
862,21670,china-unionpay,5602231781560190000,2021/10/20
863,21685,diners-club-carte-blanche,30373611276358,2021/12/31
864,21700,maestro,6759422885248810000,2022/02/08
865,21715,jcb,3567813916474250,2021/09/27
866,21730,jcb,3539471668251680,2021/10/25
867,21745,jcb,3575413944588000,2021/10/22
868,21775,jcb,3555684685062700,2021/10/24
869,21790,diners-club-enroute,201927646689282,2021/07/11
870,21805,jcb,3581601273507740,2021/11/28
871,21820,jcb,3569356018207480,2021/09/04
872,21835,jcb,3557007441197280,2022/01/31
873,21850,mastercard,5396136023656930,2021/12/26
874,21865,jcb,3574460923397200,2021/07/09
875,21880,maestro,50208490308608500,2021/09/12
876,21895,jcb,3556219432425050,2022/03/02
877,21910,bankcard,5602223326291250,2021/11/02
878,21925,jcb,3573221061268810,2021/06/21
879,10060,americanexpress,372301185192632,2021/10/14
880,10075,maestro,5038594185404560,2021/04/22
881,10165,diners-club-us-ca,5479877295606120,2022/03/09
882,10270,mastercard,5385460307362650,2021/08/06
883,10450,jcb,3565874828642840,2021/09/05
884,10540,diners-club-enroute,201865633906311,2021/04/12
885,10645,china-unionpay,56022390734975300,2021/05/23
886,10690,maestro,676290276174939000,2022/03/23
887,10870,americanexpress,379572583833455,2021/06/12
888,10945,mastercard,5100130575319350,2021/05/04
889,11095,jcb,3563374038644510,2022/01/23
890,11155,visa,4041599677457,2021/12/20
891,11230,mastercard,5108757945997950,2022/01/10
892,11290,visa,4041375336948,2022/01/08
893,11410,jcb,3552468490567260,2022/02/12
894,11515,visa-electron,4913665041966680,2021/10/09
895,11710,jcb,3547799860910130,2021/05/06
896,11785,americanexpress,374622731522677,2021/11/19
897,11860,jcb,3548256060685170,2022/04/02
898,11935,americanexpress,337941067009729,2021/09/23
899,11980,diners-club-enroute,201739193069945,2021/07/21
900,12100,jcb,3579446849109230,2021/06/28
901,12205,jcb,3578727196782320,2021/05/22
902,12295,jcb,3583443777077650,2021/05/15
903,12355,mastercard,5100148939470160,2021/08/27
904,12385,bankcard,5602244618085410,2021/08/15
905,12505,china-unionpay,5602255699297240000,2021/05/21
906,12595,jcb,3577612484634510,2021/12/13
907,12640,jcb,3537755272392100,2022/04/01
908,12730,americanexpress,374288097131105,2021/05/29
909,12760,mastercard,5002356146282630,2021/08/11
910,13030,bankcard,5602232100509230,2021/04/10
911,13105,jcb,3547025059119670,2022/02/19
912,13165,bankcard,5602210349311960,2022/01/15
913,13240,jcb,3567209741157620,2021/06/08
914,13300,americanexpress,374622755114377,2022/02/22
915,13390,jcb,3567955028666060,2021/09/01
916,13480,switch,6759043994063700,2021/06/10
917,13555,jcb,3571344541590820,2021/08/30
918,13795,laser,67712525440541000,2021/08/06
919,13900,jcb,3534806092573710,2022/01/23
920,13945,jcb,3528483806403420,2021/04/13
921,14005,jcb,3532569517519580,2021/07/24
922,14380,diners-club-carte-blanche,30449912547505,2021/09/20
923,14515,switch,675917536686439000,2022/01/06
924,14590,mastercard,5100147644859490,2021/05/08
925,14650,visa-electron,4917844686590810,2021/05/06
926,14875,maestro,67623762336457200,2022/04/07
927,14950,jcb,3588924218160490,2021/12/22
928,15040,mastercard,5010125230825520,2022/03/14
929,15130,visa-electron,4026299414732350,2021/11/06
930,15175,jcb,3573564322722310,2021/11/05
931,15355,diners-club-enroute,201869164031937,2021/05/08
932,15430,bankcard,5602244968579190,2021/12/19
933,15505,jcb,3553752710192940,2021/04/23
934,15595,laser,6709291353612310000,2021/05/20
935,15670,solo,676767551759675000,2022/03/15
936,15775,jcb,3585248332493160,2022/01/12
937,15850,jcb,3541764002548080,2021/10/20
938,15925,solo,6767880314167880000,2021/05/20
939,16150,maestro,676271182478862000,2021/07/12
940,16210,diners-club-carte-blanche,30502233237980,2021/04/15
941,16285,jcb,3545460083107430,2021/08/15
942,16330,jcb,3530547079151170,2022/03/19
943,16705,jcb,3543200851129450,2021/10/07
944,16780,jcb,3572033240699490,2021/04/12
945,16825,visa-electron,4508153987675510,2021/06/07
946,16900,jcb,3554389613154880,2021/09/04
947,16990,laser,6706918348278890000,2022/02/07
948,17110,visa-electron,4508989342508910,2021/11/04
949,17215,jcb,3567523552670740,2021/05/20
950,17305,instapayment,6394170804171150,2022/01/25
951,17425,solo,676794645452891000,2021/04/15
952,17515,diners-club-carte-blanche,30282050516135,2021/06/11
953,17575,jcb,3546701314954870,2021/07/05
954,17650,jcb,3530989410570960,2021/09/01
955,17905,diners-club-carte-blanche,30011157981755,2021/05/24
956,17980,visa,4017955875737,2021/11/16
957,18055,solo,6334356117779780000,2022/01/20
958,18115,americanexpress,379497535993142,2022/02/26
959,18685,jcb,3535264130200860,2021/05/16
960,18760,jcb,3579717450649730,2021/06/20
961,18805,switch,6759449074938420,2021/09/26
962,18865,laser,6771911416399840000,2021/07/24
963,19075,mastercard,5002358260047460,2021/10/26
964,19150,visa-electron,4405756462744990,2021/07/22
965,19210,solo,676760689070329000,2021/11/13
966,19255,jcb,3568948336030590,2022/03/18
967,19315,maestro,5018760822737230,2021/12/11
968,19360,jcb,3550577790179200,2022/01/08
969,19450,jcb,3578759324115770,2021/09/04
970,19525,jcb,3556516102589620,2021/12/21
971,19825,jcb,3571168490914730,2022/01/24
972,19900,jcb,3532197567657690,2021/09/19
973,19960,laser,6706136018326100000,2022/01/21
974,20065,jcb,3576499629968390,2021/11/11
975,20095,maestro,6304205461232370,2021/06/10
976,20110,jcb,3533557321556310,2021/08/05
977,20125,mastercard,5100139938256730,2022/03/23
978,20155,maestro,50202526131520500,2021/05/18
979,20215,maestro,6304258191516450,2021/04/12
980,20275,visa,4041591245352,2021/10/19
981,20320,mastercard,5229776150915460,2022/01/26
982,20395,diners-club-enroute,201876395437197,2021/12/15
983,20485,jcb,3585188376723710,2022/03/15
984,20560,jcb,3562824812471730,2022/01/04
985,20605,jcb,3561159305385010,2021/10/24
986,20680,jcb,3561795567852040,2022/03/19
987,20755,laser,63046954035256200,2022/03/21
988,20860,jcb,3581447792570020,2021/04/22
989,20935,mastercard,5100138267124580,2021/08/30
990,21055,jcb,3539185040195630,2021/08/15
991,21160,diners-club-enroute,201686450742757,2022/01/29
992,21235,visa,4041594310187,2021/09/11
993,21250,jcb,3589747524756420,2022/02/20
994,21340,jcb,3579129796837800,2021/10/26
995,21430,switch,675937082851771000,2022/03/31
996,21520,visa-electron,4508284775562640,2021/12/06
997,21580,jcb,3534078879780580,2021/05/03
998,21625,jcb,3576481742354100,2021/05/29
999,21670,instapayment,6387132998308860,2021/07/11
1000,21715,jcb,3544319385172860,2021/05/28
1001,21805,jcb,3531333544282290,2021/04/13
1002,21850,maestro,604652035573268,2022/01/10
1003,21895,mastercard,5100173220624520,2021/10/29
1004,21925,jcb,3584812666156820,2021/09/13
1005,10105,diners-club-carte-blanche,30197429404229,2022/02/14
1006,10135,jcb,3574662773737490,2021/11/29
1007,10360,jcb,3565228325033220,2021/05/08
1008,10375,bankcard,5602213865155290,2021/11/09
1009,12835,jcb,3531878246479790,2021/08/23
1010,12880,jcb,3563907857777650,2022/02/14
1011,12910,diners-club-carte-blanche,30353159884433,2021/04/18
1012,13630,instapayment,6383815778479880,2021/07/02
1013,13705,mastercard,5100133864262900,2021/05/27
1014,14065,diners-club-international,36358602873127,2021/11/30
1015,14110,mastercard,5100146565959650,2021/08/06
1016,14185,instapayment,6373414509793160,2022/01/04
1017,14275,china-unionpay,5602255800956390,2021/09/07
1018,14725,jcb,3557289288440090,2021/07/30
1019,15235,jcb,3546670810589260,2022/03/07
1020,15265,jcb,3534597234145030,2021/04/29
1021,16000,bankcard,5602223798033060,2022/04/07
1022,16030,jcb,3588993134616470,2021/08/24
1023,16495,diners-club-international,36426104663278,2021/08/06
1024,16540,jcb,3574957727661210,2021/06/16
1025,16600,mastercard,5010121248825790,2021/09/30
1026,17740,mastercard,5100135547706620,2021/07/06
1027,17800,maestro,604902861821689000,2021/12/28
1028,18160,jcb,3558099158164840,2021/05/13
1029,18295,switch,493626636462910000,2021/12/27
1030,18355,jcb,3588405439982990,2021/09/01
1031,18505,visa-electron,4917234515296780,2021/04/18
1032,18535,instapayment,6380282034786560,2022/03/14
1033,18940,jcb,3571632631522680,2021/06/10
1034,18970,jcb,3545956533627890,2022/01/17
1035,19585,laser,67717363213419900,2021/04/29
1036,19705,jcb,3540538222807640,2021/05/18
1037,19750,switch,4911102680647110,2022/01/14
1038,19795,jcb,3586085747935690,2021/06/21
1039,20245,jcb,3561039986512930,2021/04/27
1040,20800,switch,4936404922319990000,2021/11/17
1041,20995,jcb,3570757566001300,2022/02/14
1042,21205,diners-club-carte-blanche,30199564517864,2021/04/14
